Workbook
Name Base: Produccion_2026!$A$1:$ND$44
Name Base: Produccion!$A$1:$NC$40
Name Datos: Produccion!$B$2:$NI$40
Name Datos2: Produccion_2026!$B$6:$NE$44
Name Datos3Compras: Produccion_2026!$B$2:$ND$44
Name DatosVentas: Ventas_Des!$C$1:$BB$42
Name Fechas: Produccion!$B$2:$NI$2
Name Fechas2: Produccion_2026!$B$2:$NE$2
Name Meses: 'Semanas 2018-2019'!$AO$2:$AR$13
Name Meses2: 'Semanas 2018-2019'!$AO$16:$AR$27
Name Meses3: 'Semanas 2018-2019'!$AO$30:$AR$41
Name Meses4: 'Semanas 2018-2019'!$AO$44:$AR$55
Name Meses5: 'Semanas 2018-2019'!$AO$58:$AR$69
Name Producto: Produccion!$A:$A
Name Semana21: 'Semanas 2018-2019'!$M$3:$O$55
Name Semana22: 'Semanas 2018-2019'!$Q$3:$S$54
Name Semana23: 'Semanas 2018-2019'!$U$3:$W$54
Name Semana24: 'Semanas 2018-2019'!$Y$3:$AA$54
Name Semana25: 'Semanas 2018-2019'!$AC$3:$AE$54
Name Semana26: 'Semanas 2018-2019'!$AG$3:$AI$54
Name Semanas19: 'Semanas 2018-2019'!$I$3:$K$54
Name SemanasVentas: Ventas_Des!$C$1:$BC$1
Name SemanasVentas2: Ventas_Des2!$C$1:$BC$1

Sheet Produccion
A1: Semanas | C1: 1 | D1: 1 | E1: 1 | F1: 1 | G1: 1 | H1: 1 | I1: 1 | J1: 2 | K1: 2 | L1: 2 | M1: 2 | N1: 2 | O1: 2 | P1: 2 | Q1: 3 | R1: 3 | S1: 3 | T1: 3 | U1: 3 | V1: 3 | W1: 3 | X1: 4 | Y1: 4 | Z1: 4 | AA1: 4 | AB1: 4 | AC1: 4 | AD1: 4 | AE1: 5 | AF1: 5 | AG1: 5 | AH1: 5 | AI1: 5 | AJ1: 5 | AK1: 5 | AL1: 6 | AM1: 6 | AN1: 6 | AO1: 6 | AP1: 6 | AQ1: 6 | AR1: 6 | AS1: 7 | AT1: 7 | AU1: 7 | AV1: 7 | AW1: 7 | AX1: 7 | AY1: 7 | AZ1: 8 | BA1: 8 | BB1: 8 | BC1: 8 | BD1: 8 | BE1: 8 | BF1: 8 | BG1: 9 | BH1: 9 | BI1: 9 | BJ1: 9 | BK1: 9 | BL1: 9 | BM1: 9 | BN1: 10 | BO1: 10 | BP1: 10 | BQ1: 10 | BR1: 10 | BS1: 10 | BT1: 10 | BU1: 11 | BV1: 11 | BW1: 11 | BX1: 11 | BY1: 11 | BZ1: 11 | CA1: 11 | CB1: 12 | CC1: 12 | CD1: 12 | CE1: 12 | CF1: 12 | CG1: 12 | CH1: 12 | CI1: 13 | CJ1: 13 | CK1: 13 | CL1: 13 | CM1: 13 | CN1: 13 | CO1: 13 | CP1: 14 | CQ1: 14 | CR1: 14 | CS1: 14 | CT1: 14 | CU1: 14 | CV1: 14 | CW1: 15 | CX1: 15 | CY1: 15 | CZ1: 15 | DA1: 15 | DB1: 15 | DC1: 15 | DD1: 16 | DE1: 16 | DF1: 16 | DG1: 16 | DH1: 16 | DI1: 16 | DJ1: 16 | DK1: 17 | DL1: 17 | DM1: 17 | DN1: 17 | DO1: 17 | DP1: 17 | DQ1: 17 | DR1: 18 | DS1: 18 | DT1: 18 | DU1: 18 | DV1: 18 | DW1: 18 | DX1: 18 | DY1: 19 | DZ1: 19 | EA1: 19 | EB1: 19 | EC1: 19 | ED1: 19 | EE1: 19 | EF1: 20 | EG1: 20 | EH1: 20 | EI1: 20 | EJ1: 20 | EK1: 20 | EL1: 20 | EM1: 21 | EN1: 21 | EO1: 21 | EP1: 21 | EQ1: 21 | ER1: 21 | ES1: 21 | ET1: 22 | EU1: 22 | EV1: 22 | EW1: 22 | EX1: 22 | EY1: 22 | EZ1: 22 | FA1: 23 | FB1: 23 | FC1: 23 | FD1: 23 | FE1: 23 | FF1: 23 | FG1: 23 | FH1: 24 | FI1: 24 | FJ1: 24 | FK1: 24 | FL1: 24 | FM1: 24 | FN1: 24 | FO1: 25 | FP1: 25 | FQ1: 25 | FR1: 25 | FS1: 25 | FT1: 25 | FU1: 25 | FV1: 26 | FW1: 26 | FX1: 26 | FY1: 26 | FZ1: 26 | GA1: 26 | GB1: 26 | GC1: 27 | GD1: 27 | GE1: 27 | GF1: 27 | GG1: 27 | GH1: 27 | GI1: 27 | GJ1: 28 | GK1: 28 | GL1: 28 | GM1: 28 | GN1: 28 | GO1: 28 | GP1: 28 | GQ1: 29 | GR1: 29 | GS1: 29 | GT1: 29 | GU1: 29 | GV1: 29 | GW1: 29 | GX1: 30 | GY1: 30 | GZ1: 30 | HA1: 30 | HB1: 30 | HC1: 30 | HD1: 30 | HE1: 31 | HF1: 31 | HG1: 31 | HH1: 31 | HI1: 31 | HJ1: 31 | HK1: 31 | HL1: 32 | HM1: 32 | HN1: 32 | HO1: 32 | HP1: 32 | HQ1: 32 | HR1: 32 | HS1: 33 | HT1: 33 | HU1: 33 | HV1: 33 | HW1: 33 | HX1: 33 | HY1: 33 | HZ1: 34 | IA1: 34 | IB1: 34 | IC1: 34 | ID1: 34 | IE1: 34 | IF1: 34 | IG1: 35 | IH1: 35 | II1: 35 | IJ1: 35 | IK1: 35 | IL1: 35 | IM1: 35 | IN1: 36 | IO1: 36 | IP1: 36 | IQ1: 36 | IR1: 36 | IS1: 36 | IT1: 36 | IU1: 37 | IV1: 37 | IW1: 37 | IX1: 37 | IY1: 37 | IZ1: 37 | JA1: 37 | JB1: 38 | JC1: 38 | JD1: 38 | JE1: 38 | JF1: 38 | JG1: 38 | JH1: 38 | JI1: 39 | JJ1: 39 | JK1: 39 | JL1: 39 | JM1: 39 | JN1: 39 | JO1: 39 | JP1: 40 | JQ1: 40 | JR1: 40 | JS1: 40 | JT1: 40 | JU1: 40 | JV1: 40 | JW1: 41 | JX1: 41 | JY1: 41 | JZ1: 41 | KA1: 41 | KB1: 41 | KC1: 41 | KD1: 42 | KE1: 42 | KF1: 42 | KG1: 42 | KH1: 42 | KI1: 42 | KJ1: 42 | KK1: 43 | KL1: 43 | KM1: 43 | KN1: 43 | KO1: 43 | KP1: 43 | KQ1: 43 | KR1: 44 | KS1: 44 | KT1: 44 | KU1: 44 | KV1: 44 | KW1: 44 | KX1: 44 | KY1: 45 | KZ1: 45 | LA1: 45 | LB1: 45 | LC1: 45 | LD1: 45 | LE1: 45 | LF1: 46 | LG1: 46 | LH1: 46 | LI1: 46 | LJ1: 46 | LK1: 46 | LL1: 46 | LM1: 47 | LN1: 47 | LO1: 47 | LP1: 47 | LQ1: 47 | LR1: 47 | LS1: 47 | LT1: 48 | LU1: 48 | LV1: 48 | LW1: 48 | LX1: 48 | LY1: 48 | LZ1: 48 | MA1: 49 | MB1: 49 | MC1: 49 | MD1: 49 | ME1: 49 | MF1: 49 | MG1: 49 | MH1: 50 | MI1: 50 | MJ1: 50 | MK1: 50 | ML1: 50 | MM1: 50 | MN1: 50 | MO1: 51 | MP1: 51 | MQ1: 51 | MR1: 51 | MS1: 51 | MT1: 51 | MU1: 51 | MV1: 52 | MW1: 52 | MX1: 52 | MY1: 52 | MZ1: 52 | NA1: 52 | NB1: 52 | NC1: 53 | ND1: 53 | NE1: 53 | NF1: 53 | NG1: 53 | NH1: 53 | NI1: 53
A2: Fábrica Papayas | B2: 44192 | C2: 44193 | D2: 44194 | E2: 44195 | F2: 44196 | G2: 44197 | H2: 44198 | I2: 44199 | J2: 44200 | K2: 44201 | L2: 44202 | M2: 44203 | N2: 44204 | O2: 44205 | P2: 44206 | Q2: 44207 | R2: 44208 | S2: 44209 | T2: 44210 | U2: 44211 | V2: 44212 | W2: 44213 | X2: 44214 | Y2: 44215 | Z2: 44216 | AA2: 44217 | AB2: 44218 | AC2: 44219 | AD2: 44220 | AE2: 44221 | AF2: 44222 | AG2: 44223 | AH2: 44224 | AI2: 44225 | AJ2: 44226 | AK2: 44227 | AL2: 44228 | AM2: 44229 | AN2: 44230 | AO2: 44231 | AP2: 44232 | AQ2: 44233 | AR2: 44234 | AS2: 44235 | AT2: 44236 | AU2: 44237 | AV2: 44238 | AW2: 44239 | AX2: 44240 | AY2: 44241 | AZ2: 44242 | BA2: 44243 | BB2: 44244 | BC2: 44245 | BD2: 44246 | BE2: 44247 | BF2: 44248 | BG2: 44249 | BH2: 44250 | BI2: 44251 | BJ2: 44252 | BK2: 44253 | BL2: 44254 | BM2: 44255 | BN2: 44256 | BO2: 44257 | BP2: 44258 | BQ2: 44259 | BR2: 44260 | BS2: 44261 | BT2: 44262 | BU2: 44263 | BV2: 44264 | BW2: 44265 | BX2: 44266 | BY2: 44267 | BZ2: 44268 | CA2: 44269 | CB2: 44270 | CC2: 44271 | CD2: 44272 | CE2: 44273 | CF2: 44274 | CG2: 44275 | CH2: 44276 | CI2: 44277 | CJ2: 44278 | CK2: 44279 | CL2: 44280 | CM2: 44281 | CN2: 44282 | CO2: 44283 | CP2: 44284 | CQ2: 44285 | CR2: 44286 | CS2: 44287 | CT2: 44288 | CU2: 44289 | CV2: 44290 | CW2: 44291 | CX2: 44292 | CY2: 44293 | CZ2: 44294 | DA2: 44295 | DB2: 44296 | DC2: 44297 | DD2: 44298 | DE2: 44299 | DF2: 44300 | DG2: 44301 | DH2: 44302 | DI2: 44303 | DJ2: 44304 | DK2: 44305 | DL2: 44306 | DM2: 44307 | DN2: 44308 | DO2: 44309 | DP2: 44310 | DQ2: 44311 | DR2: 44312 | DS2: 44313 | DT2: 44314 | DU2: 44315 | DV2: 44316 | DW2: 44317 | DX2: 44318 | DY2: 44319 | DZ2: 44320 | EA2: 44321 | EB2: 44322 | EC2: 44323 | ED2: 44324 | EE2: 44325 | EF2: 44326 | EG2: 44327 | EH2: 44328 | EI2: 44329 | EJ2: 44330 | EK2: 44331 | EL2: 44332 | EM2: 44333 | EN2: 44334 | EO2: 44335 | EP2: 44336 | EQ2: 44337 | ER2: 44338 | ES2: 44339 | ET2: 44340 | EU2: 44341 | EV2: 44342 | EW2: 44343 | EX2: 44344 | EY2: 44345 | EZ2: 44346 | FA2: 44347 | FB2: 44348 | FC2: 44349 | FD2: 44350 | FE2: 44351 | FF2: 44352 | FG2: 44353 | FH2: 44354 | FI2: 44355 | FJ2: 44356 | FK2: 44357 | FL2: 44358 | FM2: 44359 | FN2: 44360 | FO2: 44361 | FP2: 44362 | FQ2: 44363 | FR2: 44364 | FS2: 44365 | FT2: 44366 | FU2: 44367 | FV2: 44368 | FW2: 44369 | FX2: 44370 | FY2: 44371 | FZ2: 44372 | GA2: 44373 | GB2: 44374 | GC2: 44375 | GD2: 44376 | GE2: 44377 | GF2: 44378 | GG2: 44379 | GH2: 44380 | GI2: 44381 | GJ2: 44382 | GK2: 44383 | GL2: 44384 | GM2: 44385 | GN2: 44386 | GO2: 44387 | GP2: 44388 | GQ2: 44389 | GR2: 44390 | GS2: 44391 | GT2: 44392 | GU2: 44393 | GV2: 44394 | GW2: 44395 | GX2: 44396 | GY2: 44397 | GZ2: 44398 | HA2: 44399 | HB2: 44400 | HC2: 44401 | HD2: 44402 | HE2: 44403 | HF2: 44404 | HG2: 44405 | HH2: 44406 | HI2: 44407 | HJ2: 44408 | HK2: 44409 | HL2: 44410 | HM2: 44411 | HN2: 44412 | HO2: 44413 | HP2: 44414 | HQ2: 44415 | HR2: 44416 | HS2: 44417 | HT2: 44418 | HU2: 44419 | HV2: 44420 | HW2: 44421 | HX2: 44422 | HY2: 44423 | HZ2: 44424 | IA2: 44425 | IB2: 44426 | IC2: 44427 | ID2: 44428 | IE2: 44429 | IF2: 44430 | IG2: 44431 | IH2: 44432 | II2: 44433 | IJ2: 44434 | IK2: 44435 | IL2: 44436 | IM2: 44437 | IN2: 44438 | IO2: 44439 | IP2: 44440 | IQ2: 44441 | IR2: 44442 | IS2: 44443 | IT2: 44444 | IU2: 44445 | IV2: 44446 | IW2: 44447 | IX2: 44448 | IY2: 44449 | IZ2: 44450 | JA2: 44451 | JB2: 44452 | JC2: 44453 | JD2: 44454 | JE2: 44455 | JF2: 44456 | JG2: 44457 | JH2: 44458 | JI2: 44459 | JJ2: 44460 | JK2: 44461 | JL2: 44462 | JM2: 44463 | JN2: 44464 | JO2: 44465 | JP2: 44466 | JQ2: 44467 | JR2: 44468 | JS2: 44469 | JT2: 44470 | JU2: 44471 | JV2: 44472 | JW2: 44473 | JX2: 44474 | JY2: 44475 | JZ2: 44476 | KA2: 44477 | KB2: 44478 | KC2: 44479 | KD2: 44480 | KE2: 44481 | KF2: 44482 | KG2: 44483 | KH2: 44484 | KI2: 44485 | KJ2: 44486 | KK2: 44487 | KL2: 44488 | KM2: 44489 | KN2: 44490 | KO2: 44491 | KP2: 44492 | KQ2: 44493 | KR2: 44494 | KS2: 44495 | KT2: 44496 | KU2: 44497 | KV2: 44498 | KW2: 44499 | KX2: 44500 | KY2: 44501 | KZ2: 44502 | LA2: 44503 | LB2: 44504 | LC2: 44505 | LD2: 44506 | LE2: 44507 | LF2: 44508 | LG2: 44509 | LH2: 44510 | LI2: 44511 | LJ2: 44512 | LK2: 44513 | LL2: 44514 | LM2: 44515 | LN2: 44516 | LO2: 44517 | LP2: 44518 | LQ2: 44519 | LR2: 44520 | LS2: 44521 | LT2: 44522 | LU2: 44523 | LV2: 44524 | LW2: 44525 | LX2: 44526 | LY2: 44527 | LZ2: 44528 | MA2: 44529 | MB2: 44530 | MC2: 44531 | MD2: 44532 | ME2: 44533 | MF2: 44534 | MG2: 44535 | MH2: 44536 | MI2: 44537 | MJ2: 44538 | MK2: 44539 | ML2: 44540 | MM2: 44541 | MN2: 44542 | MO2: 44543 | MP2: 44544 | MQ2: 44545 | MR2: 44546 | MS2: 44547 | MT2: 44548 | MU2: 44549 | MV2: 44550 | MW2: 44551 | MX2: 44552 | MY2: 44553 | MZ2: 44554 | NA2: 44555 | NB2: 44556 | NC2: 44557 | ND2: 44558 | NE2: 44559 | NF2: 44560 | NG2: 44561 | NH2: 44562 | NI2: 44563
A3: Stock Materia prima de huerto (Kgs) | C3: =+B3+B4-B5-B6-B7 -> 0 | D3: =+C3+C4-C5-C6-C7 -> 1511 | E3: =+D3+D4-D5-D6-D7 -> 896 | F3: =+E3+E4-E5-E6-E7 -> -30 | G3: =+F3+F4-F5-F6-F7 -> -30 | H3: =+G3+G4-G5-G6-G7 -> -30 | I3: =+H3+H4-H5-H6-H7 -> -30 | J3: =+I3+I4-I5-I6-I7 -> -30 | ... EW3: =+EV3+EV4-EV5-EV6-EV7 -> 0 | EX3: 19 | EY3: 19 | EZ3: 19 | FA3: 19 | FB3: =+FA3+FA4-FA5-FA6-FA7 -> 706 | FC3: =+FB3+FB4-FB5-FB6-FB7 -> 948 | FD3: =+FC3+FC4-FC5-FC6-FC7 -> 896 | FE3: =+FD3+FD4-FD5-FD6-FD7 -> 746 | FF3: =+FE3+FE4-FE5-FE6-FE7 -> 281 | FG3: =+FF3+FF4-FF5-FF6-FF7 -> 281 | FH3: =+FG3+FG4-FG5-FG6-FG7 -> 281 | FI3: =+FH3+FH4-FH5-FH6-FH7 -> 1065 | ... FM3: =+FL3+FL4-FL5-FL6-FL7 -> 281 | FN3: 200 | FO3: =+FN3+FN4-FN5-FN6-FN7 -> 200 | FP3: =+FO3+FO4-FO5-FO6-FO7 -> 893 | FQ3: =+FP3+FP4-FP5-FP6-FP7 -> 1070 | FR3: =+FQ3+FQ4-FQ5-FQ6-FQ7 -> 1488 | FS3: =+FR3+FR4-FR5-FR6-FR7 -> 1005 | FT3: =+FS3+FS4-FS5-FS6-FS7 -> 249 | FU3: =+FT3+FT4-FT5-FT6-FT7 -> 249 | FV3: =+FU3+FU4-FU5-FU6-FU7 -> 249 | ... FX3: =+FW3+FW4-FW5-FW6-FW7 -> 1116 | FY3: 894 | FZ3: 758 | GA3: =+FZ3+FZ4-FZ5-FZ6-FZ7 -> 528 | GB3: =+GA3+GA4-GA5-GA6-GA7 -> 528 | GC3: =+GB3+GB4-GB5-GB6-GB7 -> 528 | GD3: =+GC3+GC4-GC5-GC6-GC7 -> 528 | GE3: =+GD3+GD4-GD5-GD6-GD7 -> 1870 | GF3: =+GE3+GE4-GE5-GE6-GE7 -> 2450 | GG3: =+GF3+GF4-GF5-GF6-GF7 -> 2456 | GH3: =+GG3+GG4-GG5-GG6-GG7 -> 1638 | ... NI3: =+NH3+NH4-NH5-NH6-NH7 -> 1029
A4: Materia prima de huerto (Kgs) | C4: 1511 | D4: 1119 | E4: 667 | J4: 876 | K4: 1199 | L4: 615 | M4: 597 | Q4: 930 | R4: 740 | S4: 879 | T4: 315 | X4: 1371 | Y4: 1327 | Z4: 691 | AE4: 1263 | AF4: 769 | AG4: 1036 | AH4: 237 | AL4: 1338 | AM4: 1190 | AN4: 737 | AQ4: 489 | AS4: 1292 | AT4: 894 | AU4: 877 | AV4: 492 | AZ4: 1422 | BA4: 1767 | BB4: 1044 | BG4: 1535 | BH4: 986 | BI4: 559 | BJ4: 408 | BK4: 237 | BN4: 1380 | BO4: 607 | BP4: 831 | BQ4: 596 | BR4: 1014 | BU4: 1800 | BV4: 1074 | BW4: 1057 | CB4: 1387 | CC4: 1348 | CD4: 814 | CI4: 1340 | CJ4: 1315 | CK4: 780 | CP4: 1433 | CQ4: 997 | CR4: 134 | CW4: 1104 | CX4: 1011 | CY4: 787 | CZ4: 676 | DD4: 1195 | DE4: 808 | DI4: 257 | DK4: 1186 | DL4: 379 | DS4: 1192 | DT4: 574 | DU4: 346 | DY4: 811 | DZ4: 373 | EA4: 282 | EF4: 736 | EG4: 446 | EH4: 204 | EM4: 525 | EN4: 553 | EO4: 67 | EW4: 116 | FA4: 687 | FB4: 653 | FC4: 420 | FD4: 455 | FH4: 784 | FI4: 565 | FJ4: 290 | FO4: 693 | FP4: 429 | FQ4: 700 | FW4: 867 | FX4: 206 | FY4: 436 | FZ4: 300 | GD4: 1342 | GE4: 1426 | GF4: 580 | GH4: 600 | GJ4: 1209 | GM4: 390 | GQ4: 1040 | GS4: 795 | GX4: 756 | GY4: 400 | GZ4: 776 | HF4: 1222 | HG4: 926 | HH4: 734 | HI4: 495 | HL4: 1380 | HM4: 782 | HN4: 1203 | HO4: 1020 | HP4: 1015 | HS4: 1109 | HT4: 623 | HU4: 989 | HV4: 691 | HW4: 53 | HX4: 630 | HZ4: 1312 | IA4: 1831 | IB4: 691 | IC4: 1091 | IG4: 1860 | IH4: 1000 | II4: 1491 | IJ4: 1218 | IL4: 606 | IN4: 1376 | IO4: 1266 | IP4: 1433 | IQ4: 1327 | IU4: 1141 | IV4: 604 | IW4: 1337 | IX4: 1059 | IY4: 992 | IZ4: 556 | JB4: 1048 | JC4: 730 | JI4: 1680 | JJ4: 1200 | JK4: 1522 | JL4: 1211 | JQ4: 1746 | JR4: 1018 | JS4: 879 | JW4: 1548 | JX4: 1012 | JY4: 876 | JZ4: 761 | KE4: 1551 | KF4: 1519 | KG4: 1400 | KH4: 551 | KK4: 1388 | KL4: 851 | KM4: 857 | KN4: 222 | KR4: 1271 | KS4: 1025 | KT4: 1124 | KU4: 239 | KZ4: 1474 | LA4: 902 | LB4: 632 | LC4: 1126 | LF4: 1132 | LG4: 791 | LH4: 649 | LI4: 815 | LM4: 1578 | LN4: 874 | LO4: 1166 | LP4: 790 | LT4: 1320 | LU4: 1092 | LV4: 760 | LW4: 722 | LX4: 594 | MA4: 1366 | MB4: 896 | MC4: 953 | MD4: 348 | MH4: 1324 | MI4: 855 | MK4: 1146 | MO4: 1274 | MP4: 983 | MQ4: 921 | MV4: 1183 | MW4: 922 | MX4: 1459 | NC4: 1465 | ND4: 1130 | NE4: 1031 | NF4: 388
A5: Materia prima Elaborada (Kgs) | D5: 644 | E5: 410 | K5: 501 | L5: 157 | M5: 726 | N5: 612 | R5: 500 | S5: 503 | U5: 437 | X5: 0 | Y5: 408 | Z5: 808 | AB5: 320 | AF5: 609 | AH5: 645 | AM5: 593 | AN5: 598 | AP5: 599 | AT5: 474 | AU5: 495 | AV5: 468 | AW5: 345 | BA5: 521 | BB5: 1019 | BD5: 510 | BH5: 367 | BI5: 780 | BJ5: 338 | BK5: 260 | BN5: 237 | BO5: 730 | BP5: 364 | BR5: 694 | BU5: 476 | BV5: 450 | BW5: 687 | BX5: 1052 | CC5: 704 | CD5: 1027 | CF5: 345 | CJ5: 415 | CK5: 854 | CL5: 911 | CP5: 204 | CQ5: 378 | CR5: 1103 | CS5: 343 | CX5: 512 | CY5: 605 | CZ5: 635 | DA5: 1358 | DE5: 811 | DF5: 411 | DK5: 241 | DL5: 854 | DM5: 486 | DO5: 241 | DT5: 822 | DU5: 805 | DV5: 264 | DZ5: 804 | EB5: 522 | EG5: 546 | EH5: 514 | EI5: 20 | EJ5: 393 | EN5: 400 | EO5: 212 | EP5: 505 | EU5: 154 | EX5: 97 | FB5: 394 | FC5: 463 | FD5: 605 | FE5: 458 | FI5: 620 | FJ5: 552 | FL5: 454 | FP5: 252 | FQ5: 282 | FR5: 483 | FS5: 756 | FX5: 497 | FY5: 572 | FZ5: 516 | GE5: 846 | GF5: 560 | GG5: 790 | GJ5: 596 | GK5: 1105 | GM5: 666 | GN5: 416 | GQ5: 499 | GR5: 480 | GT5: 816 | GX5: 378 | GY5: 453 | GZ5: 336 | HA5: 516 | HB5: 334 | HF5: 700 | HG5: 502 | HH5: 703 | HI5: 1054 | HL5: 370 | HM5: 991 | HN5: 367 | HO5: 630 | HP5: 524 | HS5: 1027 | HT5: 923 | HU5: 967 | HV5: 895 | HW5: 1254 | HZ5: 926 | IA5: 800 | IB5: 1062 | IC5: 1053 | ID5: 655 | IG5: 1113 | IH5: 793 | II5: 993 | IJ5: 930 | IK5: 629 | IN5: 1093 | IO5: 1117 | IP5: 888 | IQ5: 1058 | IR5: 945 | IU5: 763 | IV5: 889 | IW5: 905 | IX5: 998 | IY5: 1101 | IZ5: 749 | JB5: 1050 | JC5: 900 | JD5: 1220 | JE5: 230 | JI5: 1239 | JJ5: 778 | JK5: 1126 | JL5: 866 | JM5: 738 | JN5: 1304 | JP5: 903 | JQ5: 599 | JR5: 808 | JS5: 809 | JT5: 756 | JW5: 852 | JX5: 927 | JY5: 680 | JZ5: 1219 | KA5: 305 | KE5: 900 | KF5: 496 | KG5: 800 | KH5: 930 | KK5: 1357 | KL5: 829 | KM5: 807 | KN5: 900 | KO5: 893 | KR5: 1275 | KS5: 975 | KT5: 870 | KU5: 815 | KV5: 605 | KZ5: 370 | LA5: 863 | LB5: 637 | LC5: 890 | LF5: 700 | LG5: 776 | LH5: 1114 | LI5: 578 | LJ5: 754 | LN5: 1038 | LO5: 843 | LP5: 527 | LQ5: 1175 | LT5: 800 | LU5: 940 | LV5: 1074 | LW5: 400 | LX5: 828 | MA5: 531 | MB5: 1209 | MC5: 678 | MD5: 998 | ME5: 777 | MH5: 494 | MI5: 777 | MK5: 1269 | ML5: 812 | MO5: 196 | MP5: 515 | MQ5: 500 | MR5: 1074 | MV5: 786 | MW5: 691 | MX5: 613 | MY5: 765 | MZ5: 639 | NC5: 369 | ND5: 853 | NE5: 682 | NF5: 1243 | NG5: 495
A6: descarte | E6: 26 | L6: 12 | M6: 30 | Z6: 28 | AF6: 43 | AH6: 21 | AM6: 9 | AP6: 92 | BD6: 55 | BJ6: 28 | BR6: 32 | BX6: 137 | CC6: 37 | CL6: 16 | CP6: 18 | CS6: 16 | CX6: 12 | DA6: 38 | DE6: 38 | DF6: 8 | DT6: 39 | DU6: 17 | DV6: 5 | DZ6: 12 | EB6: 18 | EG6: 12 | EJ6: 6 | EU6: 9 | FB6: 17 | FC6: 9 | FE6: 7 | FL6: 13 | FX6: 14 | FZ6: 14 | GF6: 14 | GG6: 28 | GJ6: 78 | GK6: 41 | GM6: 40 | GN6: 18 | GQ6: 57 | GR6: 37 | GT6: 15 | GX6: 7 | GY6: 22 | GZ6: 14 | HG6: 6 | HH6: 12 | HI6: 18 | HM6: 63 | HS6: 214 | HT6: 98 | HU6: 108 | HW6: 25 | HZ6: 110 | IB6: 27 | IC6: 68 | IG6: 267 | II6: 17 | IN6: 93 | IO6: 8 | IQ6: 90 | IR6: 39 | IU6: 105 | IW6: 135 | JB6: 135 | JC6: 64 | JD6: 105 | JI6: 21 | JJ6: 17 | KK6: 37 | KM6: 23 | KR6: 43 | KT6: 13 | KZ6: 5 | LF6: 16 | LN6: 16 | LQ6: 11 | LT6: 16 | LW6: 13 | MA6: 16 | MH6: 16 | MQ6: 13 | MR6: 16 | MV6: 15 | MX6: 15 | NC6: 10 | ND6: 17 | NE6: 10 | NF6: 15
A7: venta descarte por calibre | D7: 1090 | E7: 1157 | K7: 484 | M7: 675 | Q7: 282 | R7: 304 | S7: 447 | T7: 481 | Y7: 662 | Z7: 893 | AA7: 270 | AF7: 512 | AG7: 403 | AH7: 470 | AM7: 752 | AN7: 886 | AO7: 338 | AT7: 763 | AU7: 789 | AV7: 710 | BA7: 617 | BB7: 699 | BC7: 812 | BH7: 458 | BI7: 469 | BJ7: 212 | BK7: 576 | BN7: 36 | BO7: 556 | BP7: 295 | BQ7: 708 | BR7: 530 | BW7: 1462 | CB7: 32 | CC7: 654 | CD7: 900 | CL7: 1017 | CR7: 593 | CX7: 303 | DF7: 981 | IO7: 117 | KO7: 203 | KS7: 186 | LC7: 351 | LH7: 214 | LV7: 441 | MC7: 248 | MH7: 0 | MK7: 271 | MQ7: 205 | MX7: 186
A9: Papaya congelada | C9: 400 | D9: 100 | E9: 110 | J9: 270 | L9: 280 | M9: 80 | N9: 100 | Q9: 400 | T9: 330 | U9: 100 | X9: 450 | AA9: 480 | AB9: 238 | AG9: 400 | AI9: 410 | AM9: 60 | AN9: 60 | AO9: 400 | AP9: 100 | AS9: 400 | AT9: 450 | AU9: 200 | AV9: 160 | AW9: 260 | AX9: 300 | AZ9: 400 | BB9: 120 | BC9: 500 | BD9: 240 | BG9: 250 | BH9: 400 | BI9: 400 | BJ9: 400 | BK9: 300 | BN9: 400 | BO9: 350 | BP9: 350 | BQ9: 500 | BV9: 300 | BY9: 100 | CB9: 500 | CE9: 500 | CF9: 400 | CM9: 400 | CP9: 40 | CS9: 240 | DG9: 380 | DH9: 150 | DK9: 250 | DO9: 210 | DY9: 300 | EF9: 270 | EI9: 250 | EM9: 200 | EO9: 300 | ET9: 300 | EU9: 80 | EV9: 150 | EW9: 230 | FC9: 80 | FH9: 300 | FO9: 400 | FW9: 338 | GD9: 300 | GL9: 500 | GN9: 300 | GR9: 70 | GS9: 550 | GT9: 80 | GX9: 80 | GY9: 200 | GZ9: 300 | HB9: 40 | HE9: 220 | HH9: 70 | HL9: 130 | HN9: 155 | HO9: 100 | HP9: 150 | HS9: 40 | HV9: 120 | HW9: 250 | HZ9: 260 | IA9: 347 | IB9: 259 | ID9: 261 | IH9: 400 | IK9: 200 | IN9: 20 | IO9: 20 | IQ9: 174 | IU9: 300 | IV9: 278 | IW9: 298 | IX9: 40 | JB9: 400 | JC9: 350 | JL9: 400 | JP9: 450 | JQ9: 400 | JS9: 403 | JX9: 184 | JY9: 400 | KA9: 200 | KE9: 0 | KF9: 200 | KG9: 120 | KL9: 420 | KM9: 360 | KO9: 280 | KS9: 287 | KU9: 215 | KV9: 80 | KZ9: 300 | LF9: 300 | LH9: 80 | LJ9: 80 | LM9: 650 | LN9: 220 | LO9: 286 | LP9: 220 | LU9: 322 | LW9: 320 | LX9: 170 | MA9: 215 | MC9: 213 | MH9: 420 | MI9: 135 | ML9: 215 | MO9: 230 | MP9: 230 | MQ9: 185 | MS9: 410 | MV9: 160 | MW9: 160 | MX9: 340 | MY9: 204 | NC9: 340 | ND9: 88 | NF9: 110
A10: Papaya directa | D10: 70 | AM10: 40 | AN10: 40 | AP10: 55 | EJ10: 40 | GQ10: 120 | GR10: 20 | GX10: 50 | HB10: 63 | HF10: 80 | HH10: 80 | HL10: 125 | HS10: 60 | HZ10: 77 | ID10: 30 | IJ10: 200 | IN10: 73 | IO10: 112 | IP10: 230 | IV10: 100 | JB10: 40 | JC10: 50 | JJ10: 150 | JK10: 0 | JL10: 35 | JW10: 200 | JX10: 50 | KE10: 150 | KH10: 40 | KM10: 60 | KZ10: 70 | MA10: 115 | MH10: 93 | MO10: 81 | MP10: 40 | NE10: 80
A11: Nectar 250cc | B11: 1846 | E11: 1276 | J11: 2204 | Q11: 1304 | AA11: 2851 | AG11: 1172 | AI11: 1154 | AN11: 1163 | AO11: 1227 | AV11: 1616 | AW11: 623 | AZ11: 2190 | BC11: 1200 | BH11: 126 | BI11: 1638 | BQ11: 4177 | CE11: 1224 | CF11: 1140 | CM11: 2200 | DK11: 2240 | EF11: 3240 | EW11: 2279 | FC11: 232 | FH11: 3133 | GN11: 3316 | GS11: 2953 | GZ11: 1211 | HB11: 1469 | HN11: 1663 | HO11: 1049 | HP11: 1104 | HS11: 1094 | HV11: 1268 | IA11: 1737 | ID11: 1060 | IH11: 1658 | IK11: 2720 | IO11: 652 | IP11: 1611 | IV11: 1682 | IX11: 553 | JC11: 2583 | JL11: 2254 | JQ11: 1132 | JS11: 2310 | JW11: 2885 | KG11: 1685 | KM11: 4668 | KS11: 1080 | KU11: 1053 | KZ11: 3963 | LF11: 63 | LH11: 580 | LJ11: 1134 | LW11: 4402 | MH11: 460 | ML11: 2772 | MO11: 4462 | NC11: 1883 | NF11: 553
A12: Nectar 250cc light | B12: 541 | D12: 935 | N12: 515 | T12: 659 | AB12: 668 | AM12: 388 | AU12: 929 | AZ12: 262 | BD12: 1098 | BK12: 240 | BP12: 2491 | EU12: 996 | FO12: 36 | GD12: 1345 | GX12: 693 | HN12: 176 | HP12: 520 | IB12: 643 | IN12: 500 | IQ12: 1305 | IW12: 1597 | KH12: 521 | KV12: 1002 | LH12: 1070 | LO12: 0 | LX12: 2136 | MQ12: 2524 | NE12: 513
A13: Nectar 1 lt | B13: 1148 | C13: 1223 | K13: 174 | L13: 760 | M13: 290 | Q13: 970 | U13: 284 | X13: 864 | AA13: 829 | AG13: 905 | AI13: 1023 | AO13: 950 | AP13: 288 | AS13: 1104 | AT13: 840 | AW13: 576 | AX13: 865 | BB13: 325 | BC13: 1050 | BG13: 586 | BH13: 1170 | BJ13: 1227 | BN13: 1003 | BV13: 682 | BY13: 283 | CB13: 1407 | CE13: 1103 | CM13: 312 | CS13: 807 | DG13: 1161 | DR13: 1020 | DY13: 624 | EJ13: 142 | EM13: 582 | EO13: 785 | ET13: 747 | FC13: 224 | FO13: 1046 | FW13: 894 | GL13: 1498 | GQ13: 432 | GR13: 371 | GS13: 1045 | GT13: 299 | GY13: 591 | GZ13: 527 | HE13: 583 | HF13: 286 | HH13: 532 | HL13: 837 | HW13: 468 | HZ13: 1328 | IA13: 820 | ID13: 600 | IH13: 1202 | IJ13: 837 | IO13: 424 | IP13: 580 | IU13: 878 | IV13: 1026 | JB13: 1582 | JC13: 354 | JJ13: 421 | JK13: 0 | JL13: 748 | JP13: 1448 | JS13: 791 | JX13: 740 | JY13: 1307 | KE13: 583 | KF13: 847 | KL13: 1477 | KO13: 1014 | KS13: 747 | KU13: 533 | LF13: 1005 | LM13: 1931 | LN13: 0 | LO13: 1000 | LP13: 839 | LQ13: 0 | MA13: 1163 | MC13: 806 | MH13: 1489 | MS13: 1462 | MV13: 591 | MW13: 547 | MX13: 1163 | MY13: 137 | NC13: 855 | NF13: 133
A14: Nectar 1 lt ligth | B14: 307 | D14: 264 | J14: 131 | N14: 121 | T14: 665 | AB14: 350 | AM14: 160 | AP14: 126 | AT14: 386 | AU14: 302 | AZ14: 483 | BD14: 261 | BI14: 125 | BJ14: 360 | BK14: 321 | BO14: 620 | CF14: 400 | CP14: 131 | DH14: 400 | DO14: 537 | EI14: 532 | EV14: 396 | GD14: 469 | GX14: 283 | HL14: 87 | HW14: 251 | IB14: 657 | IK14: 135 | IN14: 142 | IQ14: 343 | IW14: 670 | JQ14: 829 | KA14: 533 | KB14: 0 | KU14: 291 | KZ14: 51 | LN14: 636 | LT14: 0 | LU14: 1052 | MI14: 422 | MP14: 823 | MY14: 382 | ND14: 193 | NE14: 124
A15: Papaya congelada | L15: 29 | N15: 20 | R15: 25 | X15: 59 | AG15: 60 | AM15: 55 | AN15: 25 | AU15: 20 | AV15: 42 | AZ15: 55 | BC15: 78 | BH15: 39 | BJ15: 39 | BK15: 52 | BO15: 70 | BP15: 63 | BQ15: 81 | BU15: 101 | BW15: 50 | CF15: 97 | CP15: 41 | CQ15: 76 | DG15: 60 | DO15: 20 | EA15: 100 | EU15: 86 | EX15: 71 | HN15: 44 | HP15: 47 | IX15: 152 | JR15: 146 | KA15: 70 | KM15: 46 | KR15: 45 | KT15: 174 | LJ15: 46 | LT15: 70 | LV15: 70 | MB15: 155 | MD15: 85 | MR15: 76 | MS15: 55
A16: Papaya directa | K16: 76 | L16: 19 | M16: 159 | N16: 84 | R16: 115 | S16: 91 | U16: 92 | Y16: 83 | Z16: 171 | AB16: 22 | AF16: 122 | AH16: 111 | AM16: 128 | AN16: 105 | AP16: 78 | AT16: 126 | AU16: 123 | AV16: 108 | AW16: 62 | BA16: 112 | BB16: 164 | BH16: 35 | BI16: 118 | BJ16: 52 | BK16: 36 | BO16: 117 | BP16: 90 | BR16: 145 | BU16: 98 | BV16: 101 | BW16: 136 | BY16: 153 | CC16: 154 | CD16: 152 | CF16: 39 | CJ16: 110 | CK16: 194 | CL16: 66 | CP16: 99 | CQ16: 90 | CR16: 222 | CS16: 89 | CX16: 103 | CY16: 141 | CZ16: 140 | DA16: 154 | DE16: 227 | DF16: 133 | DL16: 131 | DM16: 104 | DT16: 131 | DU16: 45 | DV16: 53 | DZ16: 76 | EB16: 56 | EG16: 89 | EH16: 49 | EJ16: 68 | EN16: 41 | EP16: 81 | EU16: 23 | EX16: 20 | FB16: 75 | FC16: 100 | FD16: 93 | FE16: 89 | FI16: 121 | FJ16: 57 | FL16: 101 | FO16: 86 | FP16: 77 | FQ16: 20 | FR16: 100 | FS16: 84 | FX16: 140 | FY16: 118 | FZ16: 143 | GE16: 97 | GF16: 137 | GG16: 84 | GJ16: 128 | GK16: 121 | GM16: 95 | GN16: 60 | GQ16: 48 | GR16: 53 | GT16: 99 | GX16: 66 | GY16: 65 | GZ16: 30 | HA16: 74 | HB16: 75 | HF16: 120 | HG16: 118 | HI16: 150 | HM16: 119 | HN16: 20 | HO16: 161 | HP16: 102 | HS16: 56 | HT16: 185 | HU16: 127 | HV16: 86 | HW16: 97 | HZ16: 110 | IA16: 257 | IB16: 86 | IC16: 55 | IG16: 239 | II16: 360 | IK16: 121 | IN16: 35 | IO16: 328 | IQ16: 114 | IU16: 98 | IW16: 57 | IY16: 137 | JC16: 92 | JD16: 224 | JJ16: 34 | JK16: 137 | JL16: 0 | JM16: 102 | JP16: 65 | JQ16: 39 | JR16: 108 | JT16: 144 | JX16: 111 | JZ16: 144 | KA16: 88 | KF16: 122 | KG16: 166 | KH16: 126 | KL16: 80 | KM16: 110 | KN16: 32 | KO16: 130 | KR16: 67 | KS16: 95 | KT16: 67 | KU16: 113 | LA16: 106 | LC16: 121 | LF16: 52 | LG16: 125 | LH16: 95 | LI16: 126 | LJ16: 97 | LN16: 138 | LP16: 83 | LQ16: 156 | LT16: 139 | LV16: 148 | LX16: 128 | MB16: 190 | MD16: 159 | MH16: 45 | MI16: 95 | MK16: 108 | ML16: 89 | MP16: 60 | MQ16: 41 | MR16: 135 | MV16: 65 | MW16: 72 | MX16: 113 | MY16: 213 | ND16: 164 | NF16: 256
A17: Papaya Jugo 1 Kg | B17: 622 | D17: 278 | E17: 170 | K17: 124 | L17: 6 | M17: 277 | N17: 152 | R17: 184 | S17: 136 | U17: 159 | Y17: 149 | Z17: 320 | AB17: 86 | AF17: 214 | AH17: 200 | AM17: 242 | AN17: 198 | AP17: 144 | AT17: 173 | AU17: 140 | AV17: 144 | AW17: 115 | BA17: 215 | BB17: 314 | BD17: 219 | BH17: 69 | BI17: 224 | BJ17: 127 | BK17: 57 | BO17: 255 | BP17: 171 | BR17: 281 | BU17: 186 | BV17: 192 | BW17: 262 | BY17: 295 | CC17: 230 | CD17: 255 | CF17: 64 | CJ17: 181 | CK17: 341 | CL17: 110 | CP17: 65 | CQ17: 148 | CR17: 405 | CS17: 162 | CX17: 178 | CY17: 263 | CZ17: 253 | DA17: 289 | DE17: 318 | DF17: 140 | DL17: 222 | DM17: 162 | DO17: 80 | DT17: 197 | DU17: 79 | DV17: 90 | DZ17: 130 | EB17: 34 | EG17: 109 | EH17: 75 | EJ17: 94 | EN17: 61 | EP17: 122 | EU17: 26 | EX17: 25 | FB17: 101 | FC17: 159 | FD17: 151 | FE17: 149 | FI17: 173 | FJ17: 89 | FL17: 172 | FO17: 152 | FP17: 115 | FQ17: 19 | FR17: 168 | FS17: 96 | FX17: 204 | FY17: 46 | FZ17: 211 | GE17: 178 | GF17: 257 | GG17: 102 | GJ17: 217 | GK17: 188 | GM17: 137 | GN17: 72 | GQ17: 75 | GR17: 95 | GT17: 176 | GX17: 115 | GY17: 106 | GZ17: 50 | HA17: 130 | HB17: 133 | HF17: 224 | HG17: 220 | HI17: 268 | HM17: 216 | HO17: 263 | HP17: 161 | HS17: 96 | HT17: 297 | HU17: 142 | HV17: 144 | HW17: 144 | HZ17: 111 | IA17: 289 | IB17: 147 | IC17: 54 | IG17: 415 | II17: 413 | IK17: 208 | IN17: 60 | IO17: 461 | IQ17: 191 | IU17: 165 | IW17: 101 | IY17: 162 | JC17: 144 | JD17: 216 | JJ17: 60 | JK17: 236 | JL17: 0 | JM17: 177 | JP17: 111 | JQ17: 58 | JR17: 191 | JT17: 273 | JX17: 210 | JZ17: 267 | KA17: 146 | KB17: 0 | KF17: 124 | KG17: 181 | KH17: 171 | KL17: 106 | KM17: 199 | KN17: 58 | KO17: 240 | KR17: 73 | KS17: 181 | KT17: 90 | KU17: 200 | KV17: 100 | LA17: 190 | LC17: 208 | LF17: 96 | LG17: 124 | LH17: 180 | LI17: 95 | LJ17: 136 | LN17: 261 | LO17: 0 | LP17: 97 | LQ17: 275 | LT17: 134 | LV17: 247 | LX17: 218 | MB17: 308 | MD17: 299 | MH17: 30 | MI17: 139 | MK17: 154 | ML17: 157 | MP17: 120 | MQ17: 72 | MR17: 250 | MV17: 96 | MW17: 125 | MX17: 199 | MY17: 260 | ND17: 270 | NF17: 471
A18: Papaya Jugo 460 grs | B18: 97 | E18: 9 | K18: 34 | L18: 51 | M18: 31 | N18: 13 | R18: 63 | S18: 66 | U18: 35 | Y18: 16 | Z18: 25 | AB18: 14 | AF18: 15 | AH18: 22 | CC18: 110 | CD18: 58 | CJ18: 37 | CK18: 72 | CL18: 16 | CQ18: 41 | CR18: 39 | CZ18: 25 | DE18: 100 | DF18: 9 | DL18: 32 | DM18: 32 | DT18: 17 | DV18: 10 | EB18: 131 | EG18: 117 | EH18: 31 | EJ18: 51 | EN18: 40 | EP18: 48 | EU18: 13 | EX18: 35 | FB18: 51 | FC18: 63 | FD18: 43 | FE18: 11 | FI18: 92 | FJ18: 35 | FL18: 61 | FO18: 11 | FP18: 40 | FQ18: 25 | FR18: 26 | FS18: 91 | FX18: 34 | FY18: 10 | FZ18: 21 | GG18: 101 | GJ18: 45 | GK18: 64 | GM18: 58 | GN18: 48 | GQ18: 12 | GY18: 16 | HO18: 81 | HP18: 29 | HT18: 95 | HU18: 30 | HV18: 23 | HW18: 68 | HZ18: 18 | IA18: 67 | IB18: 16 | IC18: 28 | IG18: 91 | II18: 67 | IK18: 39 | IO18: 65 | IQ18: 75 | IU18: 42 | IW18: 11 | IY18: 27 | JC18: 45 | JK18: 46 | JL18: 0 | JM18: 27 | JP18: 9 | JQ18: 20 | JR18: 15 | JZ18: 36 | KA18: 43 | KB18: 0 | KF18: 34 | KG18: 128 | KH18: 47 | KL18: 60 | KM18: 25 | KO18: 20 | KT18: 71 | KU18: 17 | KV18: 6 | LA18: 21 | LC18: 37 | LG18: 28 | LH18: 0 | LI18: 34 | LP18: 121 | LQ18: 56 | LV18: 82 | LX18: 61 | MB18: 111 | MD18: 20 | MH18: 97 | MI18: 87 | MK18: 127 | ML18: 27 | MP18: 9 | MR18: 17 | MV18: 50 | MW18: 19 | MX18: 35 | ND18: 96 | NF18: 87
A19: Papaya Jugo Cubitos 150gr | B19: 532 | N19: 331 | AV19: 443 | BB19: 241 | BK19: 191 | BP19: 533 | BW19: 566 | DG19: 305 | EA19: 387 | EU19: 307 | FZ19: 516 | IC19: 809 | IY19: 823 | KA19: 211 | KG19: 443 | KR19: 813 | LG19: 136 | MD19: 882 | MS19: 900
A20: Papaya Jugo Cubitos 460gr | B20: 363 | L20: 192 | R20: 77 | X20: 236 | AG20: 258 | AM20: 237 | AN20: 84 | AT20: 138 | AU20: 220 | AV20: 158 | AZ20: 184 | BC20: 259 | BH20: 83 | BJ20: 320 | BK20: 299 | BO20: 206 | BP20: 127 | BQ20: 251 | BU20: 325 | CF20: 224 | CP20: 167 | CQ20: 302 | DE20: 78 | DF20: 201 | DG20: 131 | DO20: 46 | EA20: 210 | EU20: 212 | EX20: 214 | FY20: 338 | HN20: 313 | HP20: 157 | HU20: 153 | HZ20: 192 | IA20: 280 | II20: 441 | IO20: 273 | IX20: 585 | JR20: 544 | KA20: 211 | KF20: 230 | KH20: 194 | KM20: 224 | KT20: 614 | LG20: 122 | LI20: 246 | LJ20: 321 | LT20: 480 | LV20: 222 | MB20: 496 | MR20: 306 | MY20: 305
A21: Papaya congelada | R21: 80 | T21: 120 | AE21: 500 | BA21: 200 | BG21: 200 | BK21: 300 | BR21: 300 | BX21: 400 | CI21: 550 | CJ21: 250 | CQ21: 300 | CW21: 400 | DD21: 350 | DN21: 350 | DV21: 150 | EC21: 150 | EV21: 80 | FA21: 90 | GR21: 70 | HH21: 20 | HO21: 70 | IC21: 250 | IR21: 311 | JD21: 245 | JT21: 377 | KN21: 158 | LI21: 180 | LJ21: 0 | ME21: 20 | ND21: 185 | NE21: 133
A22: Papaya directa | HH22: 80 | KN22: 40 | MV22: 10
A23: Mermelada 1 kg | B23: 340 | R23: 107 | T23: 133 | AE23: 484 | BA23: 146 | BG23: 186 | BK23: 250 | BR23: 111 | BX23: 237 | CI23: 367 | CQ23: 137 | CW23: 393 | DN23: 255 | DV23: 127 | EC23: 127 | EV23: 112 | FA23: 142 | IR23: 192 | JD23: 421 | JT23: 251 | ME23: 5 | ND23: 316
A24: Mermelada 340 | B24: 1582 | AE24: 841 | BA24: 375 | BG24: 280 | BK24: 350 | BR24: 363 | BX24: 617 | CI24: 292 | CJ24: 522 | DD24: 993 | DN24: 347 | DV24: 354 | EC24: 354 | GR24: 335 | HH24: 372 | HO24: 349 | IC24: 1083 | IR24: 709 | JD24: 23 | JT24: 1085 | KN24: 880 | LI24: 810 | LJ24: 0 | ME24: 73 | MV24: 33 | NE24: 599
A26: Papaya Congelada Partida (Kg) | B26: 22251 | D26: 32 | K26: 29 | M26: 83 | N26: 82 | R26: 49 | S26: 57 | U26: 39 | Y26: 39 | Z26: 94 | AB26: 68 | AM26: 40 | AN26: 14 | AU26: 42 | AW26: 60 | BA26: 67 | BB26: 139 | BD26: 33 | BI26: 30 | BJ26: 52 | BO26: 53 | BP26: 71 | BR26: 101 | BU26: 70 | BV26: 38 | BW26: 77 | BX26: 203 | CC26: 65 | CD26: 100 | CF26: 69 | CJ26: 20 | CK26: 50 | CL26: 200 | CR26: 213 | CS26: 30 | CX26: 60 | CY26: 94 | CZ26: 99 | DA26: 256 | DE26: 110 | DF26: 20 | DK26: 42 | DL26: 143 | DM26: 81 | DO26: 48 | DT26: 145 | DU26: 190 | DV26: 50 | DZ26: 175 | EB26: 110 | EG26: 90 | EH26: 117 | EJ26: 47 | EN26: 79 | EO26: 55 | EP26: 96 | EU26: 5 | EX26: 3 | FB26: 33 | FC26: 28 | FD26: 84 | FE26: 79 | FI26: 74 | FJ26: 116 | FL26: 29 | FO26: 121 | FP26: 12 | FQ26: 76 | FR26: 59 | FS26: 157 | FX26: 60 | FY26: 62 | FZ26: 56 | GE26: 200 | GF26: 118 | GG26: 220 | GJ26: 91 | GK26: 283 | GM26: 135 | GN26: 68 | GR26: 116 | GT26: 153 | GY26: 80 | GZ26: 82 | HA26: 104 | HF26: 52 | HG26: 109 | HH26: 67 | HI26: 226 | HM26: 199 | HN26: 122 | HO26: 87 | HP26: 107 | HS26: 234 | HT26: 118 | HU26: 188 | HV26: 180 | HW26: 294 | HZ26: 147 | IA26: 21 | IB26: 291 | IC26: 261 | ID26: 135 | IG26: 184 | IH26: 200 | II26: 15 | IJ26: 225 | IK26: 93 | IN26: 257 | IO26: 61 | IP26: 174 | IQ26: 186 | IR26: 428 | IU26: 220 | IV26: 298 | IW26: 201 | IX26: 440 | IY26: 230 | IZ26: 319 | JB26: 428 | JC26: 161 | JD26: 274 | JE26: 101 | JI26: 494 | JJ26: 102 | JK26: 318 | JL26: 336 | JM26: 212 | JN26: 590 | JP26: 277 | JQ26: 197 | JR26: 220 | JS26: 350 | JT26: 133 | JW26: 184 | JX26: 155 | JY26: 306 | JZ26: 331 | KA26: 37 | KB26: 0 | KE26: 258 | KF26: 101 | KG26: 121 | KH26: 183 | KK26: 608 | KL26: 281 | KM26: 135 | KN26: 249 | KO26: 235 | KR26: 374 | KS26: 293 | KT26: 257 | KU26: 241 | KV26: 260 | KZ26: 84 | LA26: 181 | LB26: 269 | LC26: 230 | LF26: 220 | LG26: 188 | LH26: 369 | LI26: 111 | LJ26: 240 | LN26: 257 | LO26: 390 | LP26: 140 | LQ26: 271 | LT26: 216 | LU26: 385 | LV26: 258 | LW26: 163 | LX26: 175 | MA26: 123 | MB26: 297 | MC26: 307 | MD26: 245 | ME26: 350 | MH26: 60 | MI26: 159 | MK26: 400 | ML26: 238 | MP26: 120 | MQ26: 175 | MR26: 255 | MV26: 139 | MW26: 173 | MX26: 144 | MY26: 147 | MZ26: 285 | NC26: 143 | ND26: 133 | NE26: 234 | NF26: 157 | NG26: 220
A27: Papaya congelada
A28: Papaya directa
A29: Papaya Congelada Cubos (Kg)
A30: Papaya Directa Confites | K30: 38 | L30: 35 | R30: 13 | S30: 26 | U30: 9 | Y30: 12 | Z30: 25 | AM30: 22 | AN30: 10 | AP30: 9 | BA30: 25 | BB30: 30 | BH30: 15 | BI30: 11 | BO30: 22 | BU30: 13 | BV30: 20 | BW30: 27 | CC30: 14 | CD30: 20 | CJ30: 10 | CK30: 12 | DE30: 15 | DF30: 10 | DK30: 48 | DL30: 33 | DM30: 10 | DT30: 48 | DU30: 12 | DZ30: 35 | EB30: 10 | EG30: 13 | EH30: 10 | EN30: 8 | EP30: 15 | EU30: 25 | EX30: 15 | FB30: 45 | FC30: 60 | FD30: 40 | FE30: 15 | FI30: 35 | FJ30: 10 | FL30: 35 | FP30: 10 | FQ30: 5 | FR30: 30 | FS30: 40 | GM30: 10 | GN30: 25 | GQ30: 25 | GT30: 37 | GX30: 34 | GY30: 32 | GZ30: 10 | HA30: 10 | HM30: 20 | HT30: 27 | HV30: 28 | IC30: 55 | ID30: 11 | IH30: 20 | IK30: 18 | IQ30: 45 | IW30: 27 | IY30: 40 | JC30: 15 | JD30: 10 | JI30: 15 | JK30: 10 | JQ30: 11 | JT30: 19 | JX30: 30 | JZ30: 35 | KG30: 17 | KN30: 15 | KR30: 25 | KS30: 30 | LA30: 55 | LC30: 18 | LF30: 15 | LG30: 10 | LH30: 6 | LN30: 20 | LP30: 15 | LQ30: 40 | LV30: 18 | LX30: 60 | MB30: 40 | MD30: 25 | MI30: 35 | MK30: 20 | MR30: 15 | MV30: 25 | ND30: 25 | NF30: 35
A31: Jarabe Papayas | B31: 7 | E31: 116 | N31: 93 | U31: 107 | AG31: 85 | AL31: 85 | AX31: 69 | BJ31: 84 | BU31: 123 | CP31: 140 | DH31: 119 | DS31: 144 | EM31: 113 | EO31: 57 | EW31: 10 | EX31: 78 | FB31: 52 | FK31: 130 | HA31: 412 | HE31: 225 | IG31: 251 | IW31: 202 | JR31: 248 | KE31: 206 | KT31: 169 | LA31: 133 | LI31: 127 | LU31: 134 | ME31: 199 | MP31: 224
A32: Papayas Confitadas | F32: 41 | O32: 64 | T32: 83 | X32: 39 | AB32: 41 | AF32: 41 | AI32: 33 | AL32: 21 | AP32: 10 | AW32: 58 | BD32: 21 | BG32: 40 | BJ32: 29 | BR32: 41 | BX32: 47 | CF32: 20 | CK32: 46 | CR32: 40 | CS32: 20 | DF32: 19 | DH32: 15 | DL32: 31 | DO32: 35 | DS32: 52 | DY32: 55 | EC32: 26 | EI32: 40 | EN32: 45 | EP32: 86 | EV32: 30 | EW32: 30 | EX32: 20 | FB32: 66 | FE32: 40 | FI32: 43 | FJ32: 30 | FL32: 68 | FO32: 100 | FS32: 28 | FW32: 15 | FY32: 25 | FZ32: 57 | GF32: 50 | GG32: 39 | GL32: 47 | GM32: 50 | GN32: 81 | GQ32: 43 | GS32: 20 | GT32: 50 | GX32: 50 | GZ32: 40 | HB32: 40 | HC32: 35 | HE32: 49 | HG32: 33 | HL32: 50 | HP32: 60 | HU32: 55 | IB32: 57 | II32: 42 | IO32: 57 | IR32: 30 | IV32: 41 | JC32: 64 | JE32: 69 | JK32: 75 | JL32: 50 | JQ32: 28 | JS32: 40 | JW32: 85 | JZ32: 30 | KA32: 50 | KH32: 91 | KM32: 42 | KO32: 70 | KT32: 45 | KV32: 74 | LA32: 30 | LC32: 50 | LF32: 30 | LG32: 21 | LJ32: 33 | LN32: 36 | LO32: 25 | LQ32: 61 | LT32: 33 | LW32: 35 | LX32: 79 | MB32: 20 | ME32: 84 | MI32: 80 | ML32: 83 | MP32: 91 | MS32: 20 | MW32: 41 | MZ32: 72 | NE32: 62
A33: Trozos Confitados | F33: 61 | O33: 17 | T33: 15 | X33: 42 | AB33: 10 | AF33: 9 | AI33: 16 | AL33: 52 | AP33: 54 | AW33: 45 | BD33: 8 | BG33: 22 | BJ33: 13 | BR33: 30 | BX33: 8 | CF33: 19 | CK33: 36 | CS33: 96 | DF33: 26 | DH33: 40 | DL33: 22 | DO33: 9 | DY33: 30 | EI33: 25 | EN33: 27 | EP33: 16 | EV33: 15 | EX33: 5 | FB33: 39 | FE33: 14 | FI33: 10 | FL33: 19 | FO33: 13 | FS33: 5 | FW33: 34 | FZ33: 36 | GG33: 20 | GL33: 21 | GN33: 39 | GQ33: 26 | GT33: 37 | GX33: 15 | HB33: 37 | HE33: 12 | HL33: 14 | HP33: 9 | IB33: 35 | II33: 25 | IO33: 57 | IR33: 37 | IV33: 31 | JC33: 32 | JE33: 33 | JL33: 22 | JS33: 16 | JW33: 18 | KA33: 19 | KH33: 15 | KM33: 39 | KO33: 31 | KT33: 18 | KV33: 44 | LC33: 27 | LG33: 30 | LJ33: 36 | LN33: 10 | LO33: 22 | LT33: 21 | LX33: 35 | MB33: 8 | ME33: 12 | MI33: 28 | ML33: 29 | MP33: 23 | MS33: 21 | MW33: 41 | MZ33: 27 | NE33: 9
A36: rendimiento pelador | B36: =IF(B5=0," ",(B10+B16+B22+B26+B28+B30)/B5) | C36: =IF(C5=0," ",(C10+C16+C22+C26+C28+C30)/C5) | D36: =IF(D5=0," ",(D10+D16+D22+D26+D28+D30)/D5) -> 0.15838509 | E36: =IF(E5=0," ",(E10+E16+E22+E26+E28+E30)/E5) -> 0 | F36: =IF(F5=0," ",(F10+F16+F22+F26+F28+F30)/F5) | G36: =IF(G5=0," ",(G10+G16+G22+G26+G28+G30)/G5) | H36: =IF(H5=0," ",(H10+H16+H22+H26+H28+H30)/H5) | I36: =IF(I5=0," ",(I10+I16+I22+I26+I28+I30)/I5) | ... NI36: =IF(NI5=0," ",(NI10+NI16+NI22+NI26+NI28+NI30)/NI5)
A37: rendimiento nectar kg/lt | B37: =IF(SUM(B11:B14)=0," ",(B9+B10)/(((B11+B12)*0.25)+(B13+B14))) -> 0 | C37: =IF(SUM(C11:C14)=0," ",(C9+C10)/(((C11+C12)*0.25)+(C13+C14))) -> 0.3270646 | D37: =IF(SUM(D11:D14)=0," ",(D9+D10)/(((D11+D12)*0.25)+(D13+D14))) -> 0.34153692 | E37: =IF(SUM(E11:E14)=0," ",(E9+E10)/(((E11+E12)*0.25)+(E13+E14))) -> 0.34482759 | F37: =IF(SUM(F11:F14)=0," ",(F9+F10)/(((F11+F12)*0.25)+(F13+F14))) | G37: =IF(SUM(G11:G14)=0," ",(G9+G10)/(((G11+G12)*0.25)+(G13+G14))) | H37: =IF(SUM(H11:H14)=0," ",(H9+H10)/(((H11+H12)*0.25)+(H13+H14))) | I37: =IF(SUM(I11:I14)=0," ",(I9+I10)/(((I11+I12)*0.25)+(I13+I14))) | ... NI37: =IF(SUM(NI11:NI14)=0," ",(NI9+NI10)/(((NI11+NI12)*0.25)+(NI13+NI14)))
A38: rendimiento papaya al jugo kg/lt | B38: =IF(SUM(B15:B16)=0," ",(B15+B16)/(B17+(B18*0.46)+(B19*0.15)+(B20*0.46))) | C38: =IF(SUM(C15:C16)=0," ",(C15+C16)/(C17+(C18*0.46)+(C19*0.15)+(C20*0.46))) | D38: =IF(SUM(D15:D16)=0," ",(D15+D16)/(D17+(D18*0.46)+(D19*0.15)+(D20*0.46))) | E38: =IF(SUM(E15:E16)=0," ",(E15+E16)/(E17+(E18*0.46)+(E19*0.15)+(E20*0.46))) | F38: =IF(SUM(F15:F16)=0," ",(F15+F16)/(F17+(F18*0.46)+(F19*0.15)+(F20*0.46))) | G38: =IF(SUM(G15:G16)=0," ",(G15+G16)/(G17+(G18*0.46)+(G19*0.15)+(G20*0.46))) | H38: =IF(SUM(H15:H16)=0," ",(H15+H16)/(H17+(H18*0.46)+(H19*0.15)+(H20*0.46))) | I38: =IF(SUM(I15:I16)=0," ",(I15+I16)/(I17+(I18*0.46)+(I19*0.15)+(I20*0.46))) | ... NI38: =IF(SUM(NI15:NI16)=0," ",(NI15+NI16)/(NI17+(NI18*0.46)+(NI19*0.15)+(NI20*0.46)))
A39: rendimiento mermelada kg/lt | B39: =IF(SUM(B21:B22)=0," ",(B21+B22)/(B23+(B24*0.34))) | C39: =IF(SUM(C21:C22)=0," ",(C21+C22)/(C23+(C24*0.34))) | D39: =IF(SUM(D21:D22)=0," ",(D21+D22)/(D23+(D24*0.34))) | E39: =IF(SUM(E21:E22)=0," ",(E21+E22)/(E23+(E24*0.34))) | F39: =IF(SUM(F21:F22)=0," ",(F21+F22)/(F23+(F24*0.34))) | G39: =IF(SUM(G21:G22)=0," ",(G21+G22)/(G23+(G24*0.34))) | H39: =IF(SUM(H21:H22)=0," ",(H21+H22)/(H23+(H24*0.34))) | I39: =IF(SUM(I21:I22)=0," ",(I21+I22)/(I23+(I24*0.34))) | ... NI39: =IF(SUM(NI21:NI22)=0," ",(NI21+NI22)/(NI23+(NI24*0.34)))
A40: rendimiento congelada cubos kg/kg | B40: =IF(SUM(B27:B28)=0," ",(B27+B28)/B29) | C40: =IF(SUM(C27:C28)=0," ",(C27+C28)/C29) | D40: =IF(SUM(D27:D28)=0," ",(D27+D28)/D29) | E40: =IF(SUM(E27:E28)=0," ",(E27+E28)/E29) | F40: =IF(SUM(F27:F28)=0," ",(F27+F28)/F29) | G40: =IF(SUM(G27:G28)=0," ",(G27+G28)/G29) | H40: =IF(SUM(H27:H28)=0," ",(H27+H28)/H29) | I40: =IF(SUM(I27:I28)=0," ",(I27+I28)/I29) | ... JD40: =IF(SUM(JD27:JD28)=0," ",(JD27+JD28)/JD29) | JE40: =IF(SUM(JE27:JE28)=0," ",(JE27+JE28)/#REF!) | JF40: =IF(SUM(JF27:JF28)=0," ",(JF27+JF28)/JF29) | JG40: =IF(SUM(JG27:JG28)=0," ",(JG27+JG28)/JG29) | JH40: =IF(SUM(JH27:JH28)=0," ",(JH27+JH28)/JH29) | JI40: =IF(SUM(JI27:JI28)=0," ",(JI27+JI28)/JI29) | JJ40: =IF(SUM(JJ27:JJ28)=0," ",(JJ27+JJ28)/JJ29) | JK40: =IF(SUM(JK27:JK28)=0," ",(JK27+JK28)/JK29) | JL40: =IF(SUM(JL27:JL28)=0," ",(JL27+JL28)/JL29) | JM40: =IF(SUM(JM27:JM28)=0," ",(JM27+JM28)/JM29) | ... NI40: =IF(SUM(NI27:NI28)=0," ",(NI27+NI28)/NI29)

Sheet Ventas_Des
C1: 1 | D1: 2 | E1: 3 | F1: 4 | G1: 5 | H1: 6 | I1: 7 | J1: 8 | K1: 9 | L1: 10 | M1: 11 | N1: 12 | O1: 13 | P1: 14 | Q1: 15 | R1: 16 | S1: 17 | T1: 18 | U1: 19 | V1: 20 | W1: 21 | X1: 22 | Y1: 23 | Z1: 24 | AA1: 25 | AB1: 26 | AC1: 27 | AD1: 28 | AE1: 29 | AF1: 30 | AG1: 31 | AH1: 32 | AI1: 33 | AJ1: 34 | AK1: 35 | AL1: 36 | AM1: 37 | AN1: 38 | AO1: 39 | AP1: 40 | AQ1: 41 | AR1: 42 | AS1: 43 | AT1: 44 | AU1: 45 | AV1: 46 | AW1: 47 | AX1: 48 | AY1: 49 | AZ1: 50 | BA1: 51 | BB1: 52 | BC1: 53
A2: Fábrica Papayas | C2: Semana 1 | D2: Semana 2 | E2: Semana 3 | F2: Semana 4 | G2: Semana 5 | H2: Semana 6 | I2: Semana 7 | J2: Semana 8 | K2: Semana 9 | L2: Semana 10 | M2: Semana 11 | N2: Semana 12 | O2: Semana 13 | P2: Semana 14 | Q2: Semana 15 | R2: Semana 16 | S2: Semana 17 | T2: Semana 18 | U2: Semana 19 | V2: Semana 20 | W2: Semana 21 | X2: Semana 22 | Y2: Semana 23 | Z2: Semana 24 | AA2: Semana 25 | AB2: Semana 26 | AC2: Semana 27 | AD2: Semana 28 | AE2: Semana 29 | AF2: Semana 30 | AG2: Semana 31 | AH2: Semana 32 | AI2: Semana 33 | AJ2: Semana 34 | AK2: Semana 35 | AL2: Semana 36 | AM2: Semana 37 | AN2: Semana 38 | AO2: Semana 39 | AP2: Semana 40 | AQ2: Semana 41 | AR2: Semana 42 | AS2: Semana 43 | AT2: Semana 44 | AU2: Semana 45 | AV2: Semana 46 | AW2: Semana 47 | AX2: Semana 48 | AY2: Semana 49 | AZ2: Semana 50 | BA2: Semana 51 | BB2: Semana 52 | BC2: Semana 53
A3: Stock Materia prima de huerto (Kgs) | AV3: 214
A4: Materia prima de huerto (Kgs) | P4: 693 | Q4: 429 | R4: 700
A5: Materia prima Elaborada (Kgs) | Q5: 282 | R5: 251 | S5: 483
A6: descarte
A7: venta descarte por calibre | AX7: 441 | BB7: 186
A9: Papaya congelada
A10: Papaya directa
A11: Nectar 250cc | D11: 2835 | E11: 1890 | F11: 2772 | G11: 2250 | H11: 3213 | I11: 2695 | J11: 2961 | K11: 1305 | L11: 2068 | M11: 1260 | N11: 1890 | P11: 1260 | Q11: 72 | R11: 72 | S11: 756 | T11: 630 | U11: 1260 | V11: 630 | W11: 666 | X11: 2128 | Y11: 1332 | Z11: 1368 | AA11: 1089 | AB11: 1059 | AC11: 1056 | AD11: 2034 | AE11: 3618 | AF11: 2313 | AG11: 2277 | AH11: 3897 | AI11: 3897 | AJ11: 1809 | AK11: 2675 | AL11: 2745 | AM11: 1512 | AN11: 4095 | AO11: 2366 | AP11: 2268 | AQ11: 3033 | AR11: 2358 | AS11: 2268 | AT11: 2522 | AU11: 2835 | AV11: 1404 | AW11: 2961 | AX11: 2223 | AY11: 2520 | AZ11: 1404 | BA11: 2925 | BB11: 2385 | BC11: 2236
A12: Nectar 250cc light | C12: 576 | D12: 630 | E12: 630 | F12: 630 | G12: 630 | H12: 189 | I12: 1329 | J12: 72 | K12: 1260 | L12: 981 | U12: 729 | X12: 315 | Y12: 351 | Z12: 441 | AA12: 315 | AB12: 389 | AD12: 630 | AF12: 1260 | AH12: 436 | AI12: 693 | AJ12: 315 | AK12: 315 | AM12: 504 | AN12: 630 | AO12: 1017 | AQ12: 630 | AT12: 945 | AU12: 630 | AV12: 0 | AW12: 504 | AX12: 1134 | AY12: 378 | AZ12: 774 | BB12: 945 | BC12: 1368
A13: Nectar 1 lt | C13: 408 | D13: 1488 | E13: 1644 | F13: 1992 | G13: 1669 | H13: 1797 | I13: 2880 | J13: 2168 | K13: 2573 | L13: 1198 | M13: 840 | N13: 480 | O13: 608 | P13: 480 | Q13: 4 | R13: 540 | S13: 292 | T13: 564 | U13: 812 | V13: 432 | W13: 800 | X13: 1008 | Y13: 882 | Z13: 900 | AA13: 1168 | AB13: 648 | AC13: 556 | AD13: 1320 | AE13: 2016 | AF13: 2688 | AG13: 1582 | AH13: 837 | AI13: 460 | AJ13: 1580 | AK13: 1448 | AL13: 1826 | AM13: 1444 | AN13: 2172 | AO13: 1936 | AP13: 1386 | AQ13: 2452 | AR13: 1608 | AS13: 1160 | AT13: 2220 | AU13: 1060 | AV13: 1008 | AW13: 1444 | AX13: 1068 | AY13: 1564 | AZ13: 1852 | BA13: 848 | BB13: 1500 | BC13: 1806
A14: Nectar 1 lt ligth | C14: 120 | D14: 288 | E14: 492 | F14: 468 | G14: 244 | H14: 336 | I14: 830 | J14: 508 | K14: 720 | L14: 240 | M14: 300 | N14: 24 | R14: 276 | S14: 4 | T14: 72 | U14: 148 | V14: 144 | W14: 360 | X14: 240 | Y14: 36 | Z14: 300 | AA14: 240 | AB14: 240 | AD14: 240 | AE14: 420 | AF14: 624 | AG14: 216 | AH14: 87 | AI14: 192 | AJ14: 378 | AK14: 288 | AL14: 0 | AM14: 288 | AN14: 600 | AO14: 276 | AQ14: 480 | AR14: 290 | AS14: 288 | AT14: 288 | AU14: 288 | AV14: 246 | AW14: 240 | AX14: 648 | AY14: 360 | AZ14: 264 | BA14: 360 | BB14: 504 | BC14: 722
A15: Papaya congelada
A16: Papaya directa
A17: Papaya Jugo 1 Kg | C17: 852 | D17: 456 | E17: 636 | F17: 504 | G17: 576 | H17: 492 | I17: 679 | J17: 540 | K17: 666 | L17: 487 | M17: 456 | N17: 648 | O17: 380 | P17: 504 | Q17: 381 | R17: 585 | S17: 392 | T17: 440 | U17: 536 | V17: 552 | W17: 493 | X17: 624 | Y17: 400 | Z17: 528 | AA17: 636 | AB17: 310 | AC17: 685 | AD17: 654 | AE17: 413 | AF17: 534 | AG17: 448 | AH17: 743 | AI17: 745 | AJ17: 642 | AK17: 656 | AL17: 840 | AM17: 444 | AN17: 576 | AO17: 516 | AP17: 417 | AQ17: 867 | AR17: 455 | AS17: 468 | AT17: 832 | AU17: 296 | AV17: 616 | AW17: 496 | AX17: 688 | AY17: 584 | AZ17: 622 | BA17: 523 | BB17: 480 | BC17: 694
A18: Papaya Jugo 460 grs | D18: 192 | E18: 128 | F18: 64 | G18: 107 | H18: 0 | I18: 0 | N18: 24 | O18: 96 | P18: 172 | Q18: 24 | R18: 48 | S18: 96 | T18: 12 | U18: 98 | V18: 100 | W18: 24 | X18: 192 | Y18: 239 | Z18: 200 | AA18: 152 | AB18: 128 | AC18: 114 | AD18: 112 | AE18: 164 | AF18: 24 | AI18: 60 | AJ18: 176 | AK18: 128 | AL18: 188 | AM18: 128 | AN18: 96 | AO18: 190 | AQ18: 72 | AR18: 79 | AS18: 224 | AT18: 177 | AV18: 64 | AW18: 62 | AX18: 224 | AY18: 128 | AZ18: 392 | BA18: 54 | BB18: 96 | BC18: 123
A19: Papaya Jugo Cubitos 150gr | E19: 316 | F19: 252 | I19: 252 | J19: 441 | K19: 252 | L19: 225 | O19: 189 | U19: 378 | Y19: 126 | Z19: 126 | AB19: 189 | AE19: 252 | AF19: 567 | AG19: 252 | AH19: 504 | AK19: 252 | AM19: 378 | AO19: 315 | AP19: 378 | AR19: 378 | AT19: 509 | AU19: 126 | AV19: 252 | AW19: 252 | AY19: 315 | AZ19: 315 | BA19: 315 | BC19: 4
A20: Papaya Jugo Cubitos 460gr | C20: 129 | D20: 128 | E20: 96 | F20: 384 | G20: 384 | H20: 320 | I20: 368 | J20: 313 | K20: 672 | L20: 647 | N20: 160 | O20: 128 | U20: 192 | X20: 192 | Y20: 192 | AA20: 448 | AB20: 3 | AC20: 322 | AD20: 256 | AE20: 320 | AF20: 486 | AH20: 313 | AI20: 288 | AJ20: 352 | AK20: 128 | AL20: 256 | AM20: 352 | AN20: 512 | AO20: 129 | AP20: 64 | AQ20: 542 | AR20: 246 | AS20: 384 | AT20: 450 | AU20: 128 | AV20: 384 | AW20: 384 | AX20: 188 | AY20: 280 | AZ20: 224 | BA20: 504 | BC20: 505
A21: Papaya congelada
A22: Papaya directa
A23: Mermelada 1 kg | D23: 120 | E23: 240 | F23: 48 | G23: 168 | H23: 242 | I23: 240 | J23: 96 | K23: 242 | L23: 240 | M23: 118 | P23: 120 | S23: 120 | V23: 120 | W23: 240 | AA23: 120 | AB23: 120 | AD23: 192 | AE23: 192 | AG23: 240 | AI23: 193 | AK23: 144 | AL23: 96 | AM23: 120 | AN23: 240 | AO23: 120 | AP23: 72 | AQ23: 188 | AR23: 72 | AS23: 55
A24: MErmelada 340 | C24: 168 | D24: 336 | E24: 228 | F24: 428 | G24: 175 | H24: 385 | I24: 574 | J24: 504 | K24: 280 | L24: 350 | M24: 315 | N24: 175 | P24: 420 | Q24: 24 | R24: 24 | U24: 187 | V24: 175 | W24: 350 | Z24: 315 | AA24: 422 | AB24: 176 | AC24: 283 | AD24: 280 | AE24: 280 | AF24: 398 | AG24: 272 | AH24: 420 | AI24: 214 | AJ24: 341 | AK24: 280 | AL24: 210 | AM24: 210 | AN24: 350 | AO24: 175 | AP24: 175 | AQ24: 539 | AR24: 175 | AS24: 175 | AT24: 385 | AU24: 350 | AV24: 490 | AW24: 316 | AX24: 420 | AY24: 167 | AZ24: 70
A25: Papaya directa
A26: Papaya Congelada Ditzler (Kg) | C26: 610 | D26: 779 | E26: 1055 | F26: 1168 | G26: 1370 | H26: 700 | I26: 1832 | J26: 1593 | K26: 2380 | L26: 2114 | M26: 951 | N26: 1497 | O26: 1200 | P26: 564 | Q26: 400 | R26: 940 | S26: 830 | T26: 510 | U26: 550 | V26: 520 | W26: 500 | X26: 997 | Y26: 90 | Z26: 850 | AA26: 400 | AB26: 338 | AC26: 300 | AD26: 700 | AE26: 770 | AF26: 620 | AG26: 310 | AH26: 696 | AI26: 410 | AJ26: 1377 | AK26: 600 | AL26: 525 | AM26: 916 | AN26: 995 | AO26: 400 | AP26: 1776 | AQ26: 854 | AR26: 320 | AS26: 1264 | AT26: 801 | AU26: 300 | AV26: 686 | AW26: 1376 | AX26: 952 | AY26: 688 | AZ26: 770 | BA26: 1186 | BC26: 856
A27: Papaya congelada
A28: Papaya directa
A29: Papaya Congelada Cubos (Kg)
A30: Papaya Directa Confites
A31: Jarabe Papayas | C31: 116 | D31: 78 | E31: 126 | G31: 78 | H31: 91 | I31: 69 | K31: 84 | M31: 123 | O31: 2 | P31: 140 | Q31: 2 | S31: 115 | U31: 80 | V31: 66 | W31: 111 | Y31: 137 | Z31: 78 | AA31: 80 | AB31: 34 | AC31: 2 | AD31: 0 | AF31: 273 | AG31: 139 | AH31: 156 | AI31: 69 | AK31: 251 | AM31: 2 | AN31: 195 | AO31: 2 | AQ31: 249 | AR31: 117 | AS31: 80 | AT31: 177 | AU31: 2 | AV31: 133 | AW31: 127 | AX31: 117 | AY31: 17 | AZ31: 199 | BA31: 224 | BC31: 1
A32: Papayas Confitadas | C32: 41 | D32: 64 | E32: 83 | F32: 80 | G32: 74 | H32: 31 | I32: 58 | J32: 21 | K32: 69 | L32: 41 | M32: 47 | N32: 20 | O32: 46 | P32: 60 | Q32: 34 | R32: 66 | T32: 52 | U32: 81 | V32: 40 | W32: 131 | X32: 80 | Y32: 106 | Z32: 141 | AA32: 128 | AB32: 97 | AC32: 89 | AD32: 178 | AE32: 113 | AF32: 165 | AG32: 82 | AH32: 110 | AI32: 55 | AJ32: 57 | AK32: 42 | AL32: 87 | AM32: 41 | AN32: 133 | AO32: 125 | AP32: 68 | AQ32: 165 | AR32: 91 | AS32: 112 | AT32: 119 | AU32: 80 | AV32: 84 | AW32: 96 | AX32: 147 | AY32: 104 | AZ32: 167 | BB32: 113 | BC32: 62
A33: Trozos Confitados | C33: 61 | D33: 17 | E33: 15 | F33: 52 | G33: 25 | H33: 106 | I33: 45 | J33: 8 | K33: 35 | L33: 30 | M33: 8 | N33: 19 | O33: 36 | P33: 96 | Q33: 66 | R33: 31 | U33: 30 | V33: 25 | W33: 43 | X33: 20 | Y33: 53 | Z33: 29 | AA33: 18 | AB33: 70 | AC33: 20 | AD33: 60 | AE33: 63 | AF33: 52 | AG33: 12 | AH33: 23 | AJ33: 35 | AK33: 25 | AL33: 94 | AM33: 31 | AN33: 65 | AO33: 22 | AP33: 16 | AQ33: 37 | AR33: 15 | AS33: 70 | AT33: 62 | AU33: 27 | AV33: 66 | AW33: 58 | AX33: 56 | AY33: 20 | AZ33: 57 | BB33: 68 | BC33: 9
A35: papaya guardada congelada
A36: papaya guardada conserva
A38: rendimiento pelador
A39: rendimiento nectar kg/lt
A40: rendimiento papaya al jugo kg/lt
A41: rendimiento mermelada kg/lt
A42: rendimiento congelada cubos kg/kg

Sheet Stock_Real
C1: 1 | D1: 2 | E1: 3 | F1: 4 | G1: 5 | H1: 6 | I1: 7 | J1: 8 | K1: 9 | L1: 10 | M1: 11 | N1: 12 | O1: 13 | P1: 14 | Q1: 15 | R1: 16 | S1: 17 | T1: 18 | U1: 19 | V1: 20 | W1: 21 | X1: 22 | Y1: 23 | Z1: 24 | AA1: 25 | AB1: 26 | AC1: 27 | AD1: 28 | AE1: 29 | AF1: 30 | AG1: 31 | AH1: 32 | AI1: 33 | AJ1: 34 | AK1: 35 | AL1: 36 | AM1: 37 | AN1: 38 | AO1: 39 | AP1: 40 | AQ1: 41 | AR1: 42 | AS1: 43 | AT1: 44 | AU1: 45 | AV1: 46 | AW1: 47 | AX1: 48 | AY1: 49 | AZ1: 50 | BA1: 51 | BB1: 52 | BC1: 53
A2: Fábrica Papayas | C2: Semana 1 | D2: Semana 2 | E2: Semana 3 | F2: Semana 4 | G2: Semana 5 | H2: Semana 6 | I2: Semana 7 | J2: Semana 8 | K2: Semana 9 | L2: Semana 10 | M2: Semana 11 | N2: Semana 12 | O2: Semana 13 | P2: Semana 14 | Q2: Semana 15 | R2: Semana 16 | S2: Semana 17 | T2: Semana 18 | U2: Semana 19 | V2: Semana 20 | W2: Semana 21 | X2: Semana 22 | Y2: Semana 23 | Z2: Semana 24 | AA2: Semana 25 | AB2: Semana 26 | AC2: Semana 27 | AD2: Semana 28 | AE2: Semana 29 | AF2: Semana 30 | AG2: Semana 31 | AH2: Semana 32 | AI2: Semana 33 | AJ2: Semana 34 | AK2: Semana 35 | AL2: Semana 36 | AM2: Semana 37 | AN2: Semana 38 | AO2: Semana 39 | AP2: Semana 40 | AQ2: Semana 41 | AR2: Semana 42 | AS2: Semana 43 | AT2: Semana 44 | AU2: Semana 45 | AV2: Semana 46 | AW2: Semana 47 | AX2: Semana 48 | AY2: Semana 49 | AZ2: Semana 50 | BA2: Semana 51 | BB2: Semana 52 | BC2: Semana 53
A3: Stock Materia prima de huerto (Kgs) | C3: 0 | D3: 90 | E3: 30 | F3: 30 | G3: 602 | H3: 489 | K3: 237 | L3: 483 | M3: 150 | O3: 222 | P3: 131 | Q3: 246 | R3: 257 | S3: 0 | T3: 160 | U3: 240 | V3: 135 | W3: 163 | X3: 19 | Y3: 281 | Z3: 281 | AA3: 330 | AB3: 221 | AC3: 2236 | AD3: 875 | AO3: 1352 | AP3: 1122 | AQ3: 1336 | AR3: 3231 | AS3: 1500 | AT3: 377 | AU3: 1393 | AV3: 628 | AW3: 1426 | AX3: 1404 | AY3: 510 | AZ3: 196 | BA3: 510 | BB3: 707 | BC3: 1029
A4: Materia prima de huerto (Kgs)
A5: Materia prima Elaborada (Kgs)
A6: descarte
A7: venta descarte por calibre
A9: Papaya congelada
A10: Papaya directa
A11: Nectar 250cc | C11: 3122 | D11: 2491 | E11: 1905 | F11: 1984 | G11: 2060 | H11: 1237 | I11: 781 | J11: 1210 | K11: 1669 | L11: 3778 | M11: 2518 | N11: 2992 | O11: 5192 | P11: 3932 | Q11: 3860 | R11: 3788 | S11: 5272 | T11: 4642 | U11: 3382 | V11: 5992 | W11: 5326 | X11: 5477 | Y11: 4377 | Z11: 6142 | AA11: 5053 | AB11: 3994 | AC11: 2938 | AD11: 4220 | AE11: 3555 | AF11: 3922 | AG11: 1645 | AH11: 1564 | AI11: 29 | AJ11: 1116 | AK11: 2720 | AL11: 2238 | AM11: 2961 | AN11: 1449 | AO11: 1337 | AP11: 2511 | AQ11: 2363 | AR11: 1690 | AS11: 4090 | AT11: 3701 | AU11: 4829 | AV11: 5202 | AW11: 2241 | AX11: 4420 | AY11: 1900 | AZ11: 3728 | BA11: 5265 | BB11: 2880 | BC11: 3080
A12: Nectar 250cc light | C12: 900 | D12: 785 | E12: 814 | F12: 852 | G12: 222 | H12: 421 | I12: 21 | J12: 1309 | K12: 289 | L12: 1799 | M12: 1799 | N12: 1799 | O12: 1799 | P12: 1799 | Q12: 1799 | R12: 1799 | S12: 1799 | T12: 1799 | U12: 1070 | V12: 1070 | W12: 1070 | X12: 1751 | Y12: 1400 | Z12: 959 | AA12: 680 | AB12: 291 | AC12: 1636 | AD12: 1006 | AE12: 1006 | AF12: 439 | AG12: 439 | AH12: 699 | AI12: 6 | AJ12: 334 | AK12: 19 | AL12: 1824 | AM12: 2917 | AN12: 2287 | AO12: 1270 | AP12: 1270 | AQ12: 640 | AR12: 1161 | AS12: 1161 | AT12: 1218 | AU12: 588 | AV12: 1658 | AW12: 1154 | AX12: 2156 | AY12: 1778 | AZ12: 1004 | BA12: 3528 | BB12: 2583 | BC12: 1728
A13: Nectar 1 lt | C13: 1963 | D13: 1699 | E13: 1309 | F13: 1010 | G13: 1269 | H13: 710 | I13: 1215 | J13: 422 | K13: 832 | L13: 637 | M13: 762 | N13: 2792 | O13: 2496 | P13: 2823 | Q13: 2819 | R13: 3440 | S13: 3148 | T13: 3604 | U13: 3416 | V13: 3126 | W13: 3693 | X13: 3432 | Y13: 2774 | Z13: 1874 | AA13: 1752 | AB13: 1998 | AC13: 1442 | AD13: 1620 | AE13: 1751 | AF13: 181 | AH13: 0 | AI13: 8 | AJ13: 1192 | AK13: 1767 | AL13: 945 | AM13: 1405 | AN13: 1169 | AO13: 402 | AP13: 1255 | AQ13: 850 | AR13: 672 | AS13: 2003 | AT13: 1063 | AU13: 3 | AW13: 2326 | AX13: 1258 | AY13: 1663 | AZ13: 1300 | BA13: 1914 | BB13: 2852 | BC13: 2034
A14: Nectar 1 lt ligth | C14: 451 | D14: 415 | E14: 588 | F14: 470 | G14: 226 | H14: 176 | I14: 34 | J14: 270 | K14: 356 | L14: 736 | M14: 436 | N14: 812 | O14: 812 | P14: 943 | Q14: 943 | R14: 1067 | S14: 1600 | T14: 1528 | U14: 1380 | V14: 1768 | W14: 1408 | X14: 1564 | Y14: 1528 | Z14: 1228 | AA14: 988 | AB14: 748 | AC14: 1217 | AD14: 977 | AE14: 557 | AF14: 216 | AH14: 0 | AI14: 59 | AJ14: 338 | AK14: 185 | AL14: 670 | AM14: 1052 | AN14: 452 | AO14: 176 | AP14: 1005 | AQ14: 1058 | AR14: 768 | AS14: 480 | AT14: 483 | AU14: 246 | AW14: 396 | AX14: 800 | AY14: 440 | AZ14: 598 | BA14: 1061 | BB14: 939 | BC14: 534
A15: Papaya congelada
A16: Papaya directa
A17: Papaya Jugo 1 Kg | C17: 218 | D17: 321 | E17: 164 | F17: 215 | G17: 53 | H17: 145 | I17: 38 | J17: 246 | K17: 57 | L17: 277 | M17: 756 | N17: 657 | O17: 909 | P17: 1185 | Q17: 1787 | R17: 1660 | S17: 1732 | T17: 1658 | U17: 1286 | V17: 1012 | W17: 702 | X17: 129 | Y17: 289 | Z17: 195 | AA17: 109 | AB17: 260 | AC17: 112 | AD17: 72 | AE17: 5 | AF17: 5 | AG17: 269 | AH17: 166 | AI17: 244 | AJ17: 203 | AK17: 583 | AL17: 455 | AM17: 439 | AN17: 223 | AO17: 180 | AP17: 396 | AQ17: 152 | AR17: 173 | AS17: 308 | AT17: 120 | AU17: 222 | AV17: 237 | AW17: 374 | AX17: 285 | AY17: 308 | AZ17: 166 | BA17: 85 | BB17: 285 | BC17: 332
A18: Papaya Jugo 460 grs | C18: 106 | D18: 43 | E18: 79 | F18: 70 | G18: 0 | N18: 144 | O18: 173 | P18: 81 | Q18: 82 | R18: 143 | S18: 111 | T18: 126 | U18: 159 | V18: 258 | W18: 322 | X18: 178 | Y18: 107 | Z18: 95 | AA18: 136 | AB18: 73 | AC18: 60 | AD18: 163 | AE18: 11 | AF18: 3 | AG18: 3 | AH18: 113 | AI18: 269 | AJ18: 222 | AK18: 291 | AL18: 243 | AM18: 195 | AN18: 144 | AO18: 27 | AP18: 71 | AQ18: 78 | AR18: 208 | AS18: 89 | AT18: 6 | AU18: 64 | AV18: 62 | AW18: 177 | AX18: 96 | AY18: 99 | AZ18: 45 | BA18: 17 | BB18: 25 | BC18: 85
A19: Papaya Jugo Cubitos 150gr | C19: 532 | D19: 863 | E19: 547 | F19: 295 | G19: 295 | H19: 295 | I19: 486 | J19: 286 | K19: 225 | L19: 533 | M19: 1099 | N19: 1099 | O19: 910 | P19: 910 | Q19: 910 | R19: 1215 | S19: 1215 | T19: 1215 | U19: 1224 | V19: 1224 | W19: 1224 | X19: 1531 | Y19: 1405 | Z19: 1279 | AA19: 1279 | AB19: 1606 | AC19: 1606 | AD19: 1606 | AE19: 1354 | AF19: 787 | AG19: 535 | AH19: 31 | AI19: 31 | AJ19: 840 | AK19: 588 | AL19: 588 | AM19: 1033 | AN19: 1033 | AO19: 718 | AP19: 340 | AQ19: 551 | AR19: 616 | AS19: 616 | AT19: 920 | AU19: 794 | AV19: 678 | AW19: 426 | AX19: 426 | AY19: 993 | AZ19: 678 | BA19: 1263 | BB19: 1263 | BC19: 1259
A20: Papaya Jugo Cubitos 460gr | C20: 234 | D20: 298 | E20: 279 | F20: 131 | G20: 5 | H20: 6 | I20: 154 | J20: 284 | K20: 314 | L20: 251 | M20: 576 | N20: 640 | O20: 512 | P20: 981 | Q20: 981 | R20: 1391 | S20: 1437 | T20: 1437 | U20: 1455 | V20: 1455 | W20: 1455 | X20: 1689 | Y20: 1497 | Z20: 1497 | AA20: 1049 | AB20: 1384 | AC20: 1062 | AD20: 806 | AE20: 486 | AH20: 157 | AI20: 22 | AJ20: 142 | AK20: 455 | AL20: 472 | AM20: 705 | AN20: 193 | AO20: 64 | AP20: 544 | AQ20: 213 | AR20: 391 | AS20: 231 | AT20: 395 | AU20: 267 | AV20: 572 | AW20: 188 | AX20: 702 | AY20: 918 | AZ20: 694 | BA20: 496 | BB20: 801 | BC20: 296
A21: Papaya congelada
A22: Papaya directa
A23: Mermelada 1 kg | C23: 340 | D23: 220 | E23: 220 | F23: 172 | G23: 488 | H23: 246 | I23: 6 | J23: 56 | K23: 250 | L23: 121 | M23: 240 | N23: 240 | O23: 607 | P23: 624 | Q23: 1017 | R23: 1017 | S23: 1152 | T23: 1279 | U23: 1406 | V23: 1286 | W23: 1046 | X23: 1158 | Y23: 1300 | Z23: 1300 | AA23: 1180 | AB23: 1060 | AC23: 1060 | AD23: 868 | AE23: 676 | AF23: 676 | AG23: 436 | AH23: 436 | AI23: 243 | AJ23: 243 | AK23: 99 | AL23: 195 | AM23: 75 | AN23: 256 | AO23: 136 | AP23: 315 | AQ23: 127 | AR23: 55 | AS23: 0 | AX23: 0 | AY23: 5 | AZ23: 5 | BA23: 5 | BB23: 5 | BC23: 321
A24: MErmelada 340 | C24: 1414 | D24: 1078 | E24: 850 | F24: 422 | G24: 1088 | H24: 703 | I24: 129 | K24: 350 | L24: 363 | M24: 665 | N24: 490 | O24: 1304 | P24: 884 | Q24: 860 | R24: 1829 | S24: 2176 | T24: 2530 | U24: 2697 | V24: 2522 | W24: 2172 | X24: 2172 | Y24: 2172 | Z24: 1857 | AA24: 1435 | AB24: 1259 | AC24: 976 | AD24: 696 | AE24: 751 | AF24: 353 | AG24: 453 | AH24: 382 | AI24: 168 | AJ24: 910 | AK24: 630 | AL24: 1129 | AM24: 919 | AN24: 592 | AO24: 417 | AP24: 1327 | AQ24: 788 | AR24: 613 | AS24: 1318 | AT24: 933 | AU24: 583 | AV24: 903 | AW24: 587 | AX24: 167 | AY24: 73 | AZ24: 3 | BA24: 3 | BB24: 36 | BC24: 635
A25: Papaya directa
A26: Papaya Congelada Ditzler (Kg) | C26: 21673 | D26: 21137 | E26: 20252 | F26: 19285 | G26: 17925 | H26: 17279 | I26: 15549 | J26: 14195 | K26: 11897 | L26: 10008 | M26: 9445 | N26: 8189 | O26: 7259 | P26: 7085 | Q26: 7164 | R26: 6704 | S26: 6208 | T26: 6593 | U26: 5240 | V26: 4974 | W26: 4704 | X26: 3715 | Y26: 3849 | Z26: 3218 | AA26: 3243 | AB26: 3083 | AC26: 3333 | AD26: 3198 | AE26: 2697 | AF26: 2343 | AG26: 2487 | AH26: 2527 | AI26: 2910 | AJ26: 2388 | AK26: 2505 | AL26: 3086 | AM26: 3878 | AN26: 3847 | AO26: 5499 | AP26: 4900 | AQ26: 5059 | AR26: 5402 | AS26: 5646 | AT26: 6270 | AU26: 6734 | AV26: 7176 | AW26: 6858 | AX26: 7103 | AY26: 7737 | AZ26: 7824 | BA26: 7188 | BB26: 8076 | BC26: 8107
A27: Papaya congelada
A28: Papaya directa
A29: Papaya Congelada Cubos (Kg)
A30: Papaya Directa Confites
A31: Jarabe Papayas | C31: 7 | D31: 22 | E31: 3 | F31: 3 | G31: 10 | H31: 4 | I31: 4 | J31: 4 | K31: 4 | L31: 4 | M31: 4 | N31: 4 | O31: 2 | P31: 2 | Q31: 0 | R31: 119 | S31: 4 | T31: 148 | U31: 68 | V31: 2 | W31: 61 | X31: 149 | Y31: 64 | Z31: 116 | AA31: 36 | AB31: 2 | AF31: 139 | AG31: 225 | AH31: 69 | AM31: 200 | AN31: 5 | AO31: 3 | AP31: 251 | AQ31: 2 | AR31: 91 | AS31: 11 | AT31: 3 | AU31: 133 | AV31: 127 | AW31: 0 | AX31: 17 | AY31: 199 | AZ31: 0 | BA31: 0 | BB31: 1 | BC31: 0
A32: Papayas Confitadas | AL32: 0
A33: Trozos Confitados | AL33: 0
A35: papaya guardada congelada
A36: papaya guardada conserva
A38: rendimiento pelador
A39: rendimiento nectar kg/lt
A40: rendimiento papaya al jugo kg/lt
A41: rendimiento mermelada kg/lt
A42: rendimiento congelada cubos kg/kg

Sheet Produccion_2026
A1: Semanas | C1: 1 | D1: 1 | E1: 1 | F1: 1 | G1: 1 | H1: 1 | I1: 1 | J1: 2 | K1: 2 | L1: 2 | M1: 2 | N1: 2 | O1: 2 | P1: 2 | Q1: 3 | R1: 3 | S1: 3 | T1: 3 | U1: 3 | V1: 3 | W1: 3 | X1: 4 | Y1: 4 | Z1: 4 | AA1: 4 | AB1: 4 | AC1: 4 | AD1: 4 | AE1: 5 | AF1: 5 | AG1: 5 | AH1: 5 | AI1: 5 | AJ1: 5 | AK1: 5 | AL1: 6 | AM1: 6 | AN1: 6 | AO1: 6 | AP1: 6 | AQ1: 6 | AR1: 6 | AS1: 7 | AT1: 7 | AU1: 7 | AV1: 7 | AW1: 7 | AX1: 7 | AY1: 7 | AZ1: 8 | BA1: 8 | BB1: 8 | BC1: 8 | BD1: 8 | BE1: 8 | BF1: 8 | BG1: 9 | BH1: 9 | BI1: 9 | BJ1: 9 | BK1: 9 | BL1: 9 | BM1: 9 | BN1: 10 | BO1: 10 | BP1: 10 | BQ1: 10 | BR1: 10 | BS1: 10 | BT1: 10 | BU1: 11 | BV1: 11 | BW1: 11 | BX1: 11 | BY1: 11 | BZ1: 11 | CA1: 11 | CB1: 12 | CC1: 12 | CD1: 12 | CE1: 12 | CF1: 12 | CG1: 12 | CH1: 12 | CI1: 13 | CJ1: 13 | CK1: 13 | CL1: 13 | CM1: 13 | CN1: 13 | CO1: 13 | CP1: 14 | CQ1: 14 | CR1: 14 | CS1: 14 | CT1: 14 | CU1: 14 | CV1: 14 | CW1: 15 | CX1: 15 | CY1: 15 | CZ1: 15 | DA1: 15 | DB1: 15 | DC1: 15 | DD1: 16 | DE1: 16 | DF1: 16 | DG1: 16 | DH1: 16 | DI1: 16 | DJ1: 16 | DK1: 17 | DL1: 17 | DM1: 17 | DN1: 17 | DO1: 17 | DP1: 17 | DQ1: 17 | DR1: 18 | DS1: 18 | DT1: 18 | DU1: 18 | DV1: 18 | DW1: 18 | DX1: 18 | DY1: 19 | DZ1: 19 | EA1: 19 | EB1: 19 | EC1: 19 | ED1: 19 | EE1: 19 | EF1: 20 | EG1: 20 | EH1: 20 | EI1: 20 | EJ1: 20 | EK1: 20 | EL1: 20 | EM1: 21 | EN1: 21 | EO1: 21 | EP1: 21 | EQ1: 21 | ER1: 21 | ES1: 21 | ET1: 22 | EU1: 22 | EV1: 22 | EW1: 22 | EX1: 22 | EY1: 22 | EZ1: 22 | FA1: 23 | FB1: 23 | FC1: 23 | FD1: 23 | FE1: 23 | FF1: 23 | FG1: 23 | FH1: 24 | FI1: 24 | FJ1: 24 | FK1: 24 | FL1: 24 | FM1: 24 | FN1: 24 | FO1: 25 | FP1: 25 | FQ1: 25 | FR1: 25 | FS1: 25 | FT1: 25 | FU1: 25 | FV1: 26 | FW1: 26 | FX1: 26 | FY1: 26 | FZ1: 26 | GA1: 26 | GB1: 26 | GC1: 27 | GD1: 27 | GE1: 27 | GF1: 27 | GG1: 27 | GH1: 27 | GI1: 27 | GJ1: 28 | GK1: 28 | GL1: 28 | GM1: 28 | GN1: 28 | GO1: 28 | GP1: 28 | GQ1: 29 | GR1: 29 | GS1: 29 | GT1: 29 | GU1: 29 | GV1: 29 | GW1: 29 | GX1: 30 | GY1: 30 | GZ1: 30 | HA1: 30 | HB1: 30 | HC1: 30 | HD1: 30 | HE1: 31 | HF1: 31 | HG1: 31 | HH1: 31 | HI1: 31 | HJ1: 31 | HK1: 31 | HL1: 32 | HM1: 32 | HN1: 32 | HO1: 32 | HP1: 32 | HQ1: 32 | HR1: 32 | HS1: 33 | HT1: 33 | HU1: 33 | HV1: 33 | HW1: 33 | HX1: 33 | HY1: 33 | HZ1: 34 | IA1: 34 | IB1: 34 | IC1: 34 | ID1: 34 | IE1: 34 | IF1: 34 | IG1: 35 | IH1: 35 | II1: 35 | IJ1: 35 | IK1: 35 | IL1: 35 | IM1: 35 | IN1: 36 | IO1: 36 | IP1: 36 | IQ1: 36 | IR1: 36 | IS1: 36 | IT1: 36 | IU1: 37 | IV1: 37 | IW1: 37 | IX1: 37 | IY1: 37 | IZ1: 37 | JA1: 37 | JB1: 38 | JC1: 38 | JD1: 38 | JE1: 38 | JF1: 38 | JG1: 38 | JH1: 38 | JI1: 39 | JJ1: 39 | JK1: 39 | JL1: 39 | JM1: 39 | JN1: 39 | JO1: 39 | JP1: 40 | JQ1: 40 | JR1: 40 | JS1: 40 | JT1: 40 | JU1: 40 | JV1: 40 | JW1: 41 | JX1: 41 | JY1: 41 | JZ1: 41 | KA1: 41 | KB1: 41 | KC1: 41 | KD1: 42 | KE1: 42 | KF1: 42 | KG1: 42 | KH1: 42 | KI1: 42 | KJ1: 42 | KK1: 43 | KL1: 43 | KM1: 43 | KN1: 43 | KO1: 43 | KP1: 43 | KQ1: 43 | KR1: 44 | KS1: 44 | KT1: 44 | KU1: 44 | KV1: 44 | KW1: 44 | KX1: 44 | KY1: 45 | KZ1: 45 | LA1: 45 | LB1: 45 | LC1: 45 | LD1: 45 | LE1: 45 | LF1: 46 | LG1: 46 | LH1: 46 | LI1: 46 | LJ1: 46 | LK1: 46 | LL1: 46 | LM1: 47 | LN1: 47 | LO1: 47 | LP1: 47 | LQ1: 47 | LR1: 47 | LS1: 47 | LT1: 48 | LU1: 48 | LV1: 48 | LW1: 48 | LX1: 48 | LY1: 48 | LZ1: 48 | MA1: 49 | MB1: 49 | MC1: 49 | MD1: 49 | ME1: 49 | MF1: 49 | MG1: 49 | MH1: 50 | MI1: 50 | MJ1: 50 | MK1: 50 | ML1: 50 | MM1: 50 | MN1: 50 | MO1: 51 | MP1: 51 | MQ1: 51 | MR1: 51 | MS1: 51 | MT1: 51 | MU1: 51 | MV1: 52 | MW1: 52 | MX1: 52 | MY1: 52 | MZ1: 52 | NA1: 52 | NB1: 52 | NC1: 1 | ND1: 1 | NE1: 1
A2: Fábrica Papayas | B2: Stock Inicial | C2: 46020 | D2: 46021 | E2: 46022 | F2: 46023 | G2: 46024 | H2: 46025 | I2: 46026 | J2: 46027 | K2: 46028 | L2: 46029 | M2: 46030 | N2: 46031 | O2: 46032 | P2: 46033 | Q2: 46034 | R2: 46035 | S2: 46036 | T2: 46037 | U2: 46038 | V2: 46039 | W2: 46040 | X2: 46041 | Y2: 46042 | Z2: 46043 | AA2: 46044 | AB2: 46045 | AC2: 46046 | AD2: 46047 | AE2: 46048 | AF2: 46049 | AG2: 46050 | AH2: 46051 | AI2: 46052 | AJ2: 46053 | AK2: 46054 | AL2: 46055 | AM2: 46056 | AN2: 46057 | AO2: 46058 | AP2: 46059 | AQ2: 46060 | AR2: 46061 | AS2: 46062 | AT2: 46063 | AU2: 46064 | AV2: 46065 | AW2: 46066 | AX2: 46067 | AY2: 46068 | AZ2: 46069 | BA2: 46070 | BB2: 46071 | BC2: 46072 | BD2: 46073 | BE2: 46074 | BF2: 46075 | BG2: 46076 | BH2: 46077 | BI2: 46078 | BJ2: 46079 | BK2: 46080 | BL2: 46081 | BM2: 46082 | BN2: 46083 | BO2: 46084 | BP2: 46085 | BQ2: 46086 | BR2: 46087 | BS2: 46088 | BT2: 46089 | BU2: 46090 | BV2: 46091 | BW2: 46092 | BX2: 46093 | BY2: 46094 | BZ2: 46095 | CA2: 46096 | CB2: 46097 | CC2: 46098 | CD2: 46099 | CE2: 46100 | CF2: 46101 | CG2: 46102 | CH2: 46103 | CI2: 46104 | CJ2: 46105 | CK2: 46106 | CL2: 46107 | CM2: 46108 | CN2: 46109 | CO2: 46110 | CP2: 46111 | CQ2: 46112 | CR2: 46113 | CS2: 46114 | CT2: 46115 | CU2: 46116 | CV2: 46117 | CW2: 46118 | CX2: 46119 | CY2: 46120 | CZ2: 46121 | DA2: 46122 | DB2: 46123 | DC2: 46124 | DD2: 46125 | DE2: 46126 | DF2: 46127 | DG2: 46128 | DH2: 46129 | DI2: 46130 | DJ2: 46131 | DK2: 46132 | DL2: 46133 | DM2: 46134 | DN2: 46135 | DO2: 46136 | DP2: 46137 | DQ2: 46138 | DR2: 46139 | DS2: 46140 | DT2: 46141 | DU2: 46142 | DV2: 46143 | DW2: 46144 | DX2: 46145 | DY2: 46146 | DZ2: 46147 | EA2: 46148 | EB2: 46149 | EC2: 46150 | ED2: 46151 | EE2: 46152 | EF2: 46153 | EG2: 46154 | EH2: 46155 | EI2: 46156 | EJ2: 46157 | EK2: 46158 | EL2: 46159 | EM2: 46160 | EN2: 46161 | EO2: 46162 | EP2: 46163 | EQ2: 46164 | ER2: 46165 | ES2: 46166 | ET2: 46167 | EU2: 46168 | EV2: 46169 | EW2: 46170 | EX2: 46171 | EY2: 46172 | EZ2: 46173 | FA2: 46174 | FB2: 46175 | FC2: 46176 | FD2: 46177 | FE2: 46178 | FF2: 46179 | FG2: 46180 | FH2: 46181 | FI2: 46182 | FJ2: 46183 | FK2: 46184 | FL2: 46185 | FM2: 46186 | FN2: 46187 | FO2: 46188 | FP2: 46189 | FQ2: 46190 | FR2: 46191 | FS2: 46192 | FT2: 46193 | FU2: 46194 | FV2: 46195 | FW2: 46196 | FX2: 46197 | FY2: 46198 | FZ2: 46199 | GA2: 46200 | GB2: 46201 | GC2: 46202 | GD2: 46203 | GE2: 46204 | GF2: 46205 | GG2: 46206 | GH2: 46207 | GI2: 46208 | GJ2: 46209 | GK2: 46210 | GL2: 46211 | GM2: 46212 | GN2: 46213 | GO2: 46214 | GP2: 46215 | GQ2: 46216 | GR2: 46217 | GS2: 46218 | GT2: 46219 | GU2: 46220 | GV2: 46221 | GW2: 46222 | GX2: 46223 | GY2: 46224 | GZ2: 46225 | HA2: 46226 | HB2: 46227 | HC2: 46228 | HD2: 46229 | HE2: 46230 | HF2: 46231 | HG2: 46232 | HH2: 46233 | HI2: 46234 | HJ2: 46235 | HK2: 46236 | HL2: 46237 | HM2: 46238 | HN2: 46239 | HO2: 46240 | HP2: 46241 | HQ2: 46242 | HR2: 46243 | HS2: 46244 | HT2: 46245 | HU2: 46246 | HV2: 46247 | HW2: 46248 | HX2: 46249 | HY2: 46250 | HZ2: 46251 | IA2: 46252 | IB2: 46253 | IC2: 46254 | ID2: 46255 | IE2: 46256 | IF2: 46257 | IG2: 46258 | IH2: 46259 | II2: 46260 | IJ2: 46261 | IK2: 46262 | IL2: 46263 | IM2: 46264 | IN2: 46265 | IO2: 46266 | IP2: 46267 | IQ2: 46268 | IR2: 46269 | IS2: 46270 | IT2: 46271 | IU2: 46272 | IV2: 46273 | IW2: 46274 | IX2: 46275 | IY2: 46276 | IZ2: 46277 | JA2: 46278 | JB2: 46279 | JC2: 46280 | JD2: 46281 | JE2: 46282 | JF2: 46283 | JG2: 46284 | JH2: 46285 | JI2: 46286 | JJ2: 46287 | JK2: 46288 | JL2: 46289 | JM2: 46290 | JN2: 46291 | JO2: 46292 | JP2: 46293 | JQ2: 46294 | JR2: 46295 | JS2: 46296 | JT2: 46297 | JU2: 46298 | JV2: 46299 | JW2: 46300 | JX2: 46301 | JY2: 46302 | JZ2: 46303 | KA2: 46304 | KB2: 46305 | KC2: 46306 | KD2: 46307 | KE2: 46308 | KF2: 46309 | KG2: 46310 | KH2: 46311 | KI2: 46312 | KJ2: 46313 | KK2: 46314 | KL2: 46315 | KM2: 46316 | KN2: 46317 | KO2: 46318 | KP2: 46319 | KQ2: 46320 | KR2: 46321 | KS2: 46322 | KT2: 46323 | KU2: 46324 | KV2: 46325 | KW2: 46326 | KX2: 46327 | KY2: 46328 | KZ2: 46329 | LA2: 46330 | LB2: 46331 | LC2: 46332 | LD2: 46333 | LE2: 46334 | LF2: 46335 | LG2: 46336 | LH2: 46337 | LI2: 46338 | LJ2: 46339 | LK2: 46340 | LL2: 46341 | LM2: 46342 | LN2: 46343 | LO2: 46344 | LP2: 46345 | LQ2: 46346 | LR2: 46347 | LS2: 46348 | LT2: 46349 | LU2: 46350 | LV2: 46351 | LW2: 46352 | LX2: 46353 | LY2: 46354 | LZ2: 46355 | MA2: 46356 | MB2: 46357 | MC2: 46358 | MD2: 46359 | ME2: 46360 | MF2: 46361 | MG2: 46362 | MH2: 46363 | MI2: 46364 | MJ2: 46365 | MK2: 46366 | ML2: 46367 | MM2: 46368 | MN2: 46369 | MO2: 46370 | MP2: 46371 | MQ2: 46372 | MR2: 46373 | MS2: 46374 | MT2: 46375 | MU2: 46376 | MV2: 46377 | MW2: 46378 | MX2: 46379 | MY2: 46380 | MZ2: 46381 | NA2: 46382 | NB2: 46383 | NC2: 46384 | ND2: 46385 | NE2: 46386
A3: Stock Materia prima de huerto (Kgs) | B3: 3818 | C3: =+B3+B4-B9-B10-B11 -> 3818 | D3: =+C3+C4-C9-C10-C11 -> 5670 | E3: =+D3+D4-D9-D10-D11 -> 6200 | F3: =+E3+E4-E9-E10-E11 -> 7369 | G3: =+F3+F4-F9-F10-F11 -> 7369 | H3: =+G3+G4-G9-G10-G11 -> 7369 | I3: =+H3+H4-H9-H10-H11 -> 7369 | J3: =+I3+I4-I9-I10-I11 -> 7369 | ... JW3: =+JV3+JV4-JV9-JV10-JV11 -> 964 | JX3: 238 | JY3: =+JX3+JX4-JX9-JX10-JX11+JX5 -> 238 | JZ3: =+JY3+JY4-JY9-JY10-JY11+JY5 -> 238 | KA3: =+JZ3+JZ4-JZ9-JZ10-JZ11+JZ5 -> 238 | KB3: =+KA3+KA4-KA9-KA10-KA11+KA5 -> 238 | KC3: =+KB3+KB4-KB9-KB10-KB11+KB5 -> 238 | KD3: =+KC3+KC4-KC9-KC10-KC11+KC5 -> 238 | KE3: =+KD3+KD4-KD9-KD10-KD11+KD5 -> 238 | KF3: =+KE3+KE4-KE9-KE10-KE11+KE5 -> 238 | ... NE3: =+ND3+ND4-ND9-ND10-ND11+ND5 -> 238
A4: Materia prima de huerto (Kgs) | C4: 1852 | D4: 2056 | E4: 1169 | J4: 2060 | K4: 1728 | L4: 1455 | M4: 1569 | Q4: 2106 | R4: 2538 | S4: 1676 | T4: 985 | U4: 396 | X4: 1773 | Y4: 1745 | Z4: 1301 | AA4: 626 | AE4: 2736 | AF4: 1459 | AG4: 618 | AH4: 262 | AL4: 2533 | AM4: 1035 | AN4: 1518 | AO4: 592 | AS4: 2117 | AT4: 1227 | AU4: 624 | AV4: 264 | AZ4: 1659 | BA4: 741 | BC4: 1389 | BG4: 2936 | BH4: 1480 | BJ4: 320 | BK4: 332 | BN4: 2337 | BO4: 1664 | BP4: 632 | BQ4: 399 | BU4: 1812 | BV4: 1227 | BW4: 183 | BX4: 315 | CB4: 2158 | CC4: 1009 | CD4: 767 | CE4: 337 | CF4: 18 | CI4: 1978 | CJ4: 1115 | CK4: 368 | CL4: 252 | CP4: 1627 | CQ4: 833 | CR4: 837 | CW4: 2038 | CX4: 620 | CY4: 232 | CZ4: 198 | DD4: 1275 | DE4: 509 | DF4: 137 | DG4: 322 | DK4: 877 | DL4: 228 | DM4: 218 | DR4: 460 | DS4: 189 | DY4: 673 | EA4: 275 | EB4: 179 | EF4: 495 | EG4: 303 | EH4: 257 | EI4: 124 | EJ4: 24 | EM4: 797 | EN4: 75 | EO4: 457 | EP4: 158 | ET4: 779 | EU4: 565 | EV4: 528 | EW4: 164 | FA4: 631 | FB4: 571 | FC4: 1222 | FD4: 394 | FH4: 854 | FI4: 937 | FJ4: 830 | FK4: 161 | FL4: 546
A5: Materia prima externa (Kgs) | FH5: 546-J.U
A6: Fábrica Papayas | B6: Stock Inicial | C6: 46020 | D6: 46021 | E6: 46022 | F6: 46023 | G6: 46024 | H6: 46025 | I6: 46026 | J6: 46027 | K6: 46028 | L6: 46029 | M6: 46030 | N6: 46031 | O6: 46032 | P6: 46033 | Q6: 46034 | R6: 46035 | S6: 46036 | T6: 46037 | U6: 46038 | V6: 46039 | W6: 46040 | X6: 46041 | Y6: 46042 | Z6: 46043 | AA6: 46044 | AB6: 46045 | AC6: 46046 | AD6: 46047 | AE6: 46048 | AF6: 46049 | AG6: 46050 | AH6: 46051 | AI6: 46052 | AJ6: 46053 | AK6: 46054 | AL6: 46055 | AM6: 46056 | AN6: 46057 | AO6: 46058 | AP6: 46059 | AQ6: 46060 | AR6: 46061 | AS6: 46062 | AT6: 46063 | AU6: 46064 | AV6: 46065 | AW6: 46066 | AX6: 46067 | AY6: 46068 | AZ6: 46069 | BA6: 46070 | BB6: 46071 | BC6: 46072 | BD6: 46073 | BE6: 46074 | BF6: 46075 | BG6: 46076 | BH6: 46077 | BI6: 46078 | BJ6: 46079 | BK6: 46080 | BL6: 46081 | BM6: 46082 | BN6: 46083 | BO6: 46084 | BP6: 46085 | BQ6: 46086 | BR6: 46087 | BS6: 46088 | BT6: 46089 | BU6: 46090 | BV6: 46091 | BW6: 46092 | BX6: 46093 | BY6: 46094 | BZ6: 46095 | CA6: 46096 | CB6: 46097 | CC6: 46098 | CD6: 46099 | CE6: 46100 | CF6: 46101 | CG6: 46102 | CH6: 46103 | CI6: 46104 | CJ6: 46105 | CK6: 46106 | CL6: 46107 | CM6: 46108 | CN6: 46109 | CO6: 46110 | CP6: 46111 | CQ6: 46112 | CR6: 46113 | CS6: 46114 | CT6: 46115 | CU6: 46116 | CV6: 46117 | CW6: 46118 | CX6: 46119 | CY6: 46120 | CZ6: 46121 | DA6: 46122 | DB6: 46123 | DC6: 46124 | DD6: 46125 | DE6: 46126 | DF6: 46127 | DG6: 46128 | DH6: 46129 | DI6: 46130 | DJ6: 46131 | DK6: 46132 | DL6: 46133 | DM6: 46134 | DN6: 46135 | DO6: 46136 | DP6: 46137 | DQ6: 46138 | DR6: 46139 | DS6: 46140 | DT6: 46141 | DU6: 46142 | DV6: 46143 | DW6: 46144 | DX6: 46145 | DY6: 46146 | DZ6: 46147 | EA6: 46148 | EB6: 46149 | EC6: 46150 | ED6: 46151 | EE6: 46152 | EF6: 46153 | EG6: 46154 | EH6: 46155 | EI6: 46156 | EJ6: 46157 | EK6: 46158 | EL6: 46159 | EM6: 46160 | EN6: 46161 | EO6: 46162 | EP6: 46163 | EQ6: 46164 | ER6: 46165 | ES6: 46166 | ET6: 46167 | EU6: 46168 | EV6: 46169 | EW6: 46170 | EX6: 46171 | EY6: 46172 | EZ6: 46173 | FA6: 46174 | FB6: 46175 | FC6: 46176 | FD6: 46177 | FE6: 46178 | FF6: 46179 | FG6: 46180 | FH6: 46181 | FI6: 46182 | FJ6: 46183 | FK6: 46184 | FL6: 46185 | FM6: 46186 | FN6: 46187 | FO6: 46188 | FP6: 46189 | FQ6: 46190 | FR6: 46191 | FS6: 46192 | FT6: 46193 | FU6: 46194 | FV6: 46195 | FW6: 46196 | FX6: 46197 | FY6: 46198 | FZ6: 46199 | GA6: 46200 | GB6: 46201 | GC6: 46202 | GD6: 46203 | GE6: 46204 | GF6: 46205 | GG6: 46206 | GH6: 46207 | GI6: 46208 | GJ6: 46209 | GK6: 46210 | GL6: 46211 | GM6: 46212 | GN6: 46213 | GO6: 46214 | GP6: 46215 | GQ6: 46216 | GR6: 46217 | GS6: 46218 | GT6: 46219 | GU6: 46220 | GV6: 46221 | GW6: 46222 | GX6: 46223 | GY6: 46224 | GZ6: 46225 | HA6: 46226 | HB6: 46227 | HC6: 46228 | HD6: 46229 | HE6: 46230 | HF6: 46231 | HG6: 46232 | HH6: 46233 | HI6: 46234 | HJ6: 46235 | HK6: 46236 | HL6: 46237 | HM6: 46238 | HN6: 46239 | HO6: 46240 | HP6: 46241 | HQ6: 46242 | HR6: 46243 | HS6: 46244 | HT6: 46245 | HU6: 46246 | HV6: 46247 | HW6: 46248 | HX6: 46249 | HY6: 46250 | HZ6: 46251 | IA6: 46252 | IB6: 46253 | IC6: 46254 | ID6: 46255 | IE6: 46256 | IF6: 46257 | IG6: 46258 | IH6: 46259 | II6: 46260 | IJ6: 46261 | IK6: 46262 | IL6: 46263 | IM6: 46264 | IN6: 46265 | IO6: 46266 | IP6: 46267 | IQ6: 46268 | IR6: 46269 | IS6: 46270 | IT6: 46271 | IU6: 46272 | IV6: 46273 | IW6: 46274 | IX6: 46275 | IY6: 46276 | IZ6: 46277 | JA6: 46278 | JB6: 46279 | JC6: 46280 | JD6: 46281 | JE6: 46282 | JF6: 46283 | JG6: 46284 | JH6: 46285 | JI6: 46286 | JJ6: 46287 | JK6: 46288 | JL6: 46289 | JM6: 46290 | JN6: 46291 | JO6: 46292 | JP6: 46293 | JQ6: 46294 | JR6: 46295 | JS6: 46296 | JT6: 46297 | JU6: 46298 | JV6: 46299 | JW6: 46300 | JX6: 46301 | JY6: 46302 | JZ6: 46303 | KA6: 46304 | KB6: 46305 | KC6: 46306 | KD6: 46307 | KE6: 46308 | KF6: 46309 | KG6: 46310 | KH6: 46311 | KI6: 46312 | KJ6: 46313 | KK6: 46314 | KL6: 46315 | KM6: 46316 | KN6: 46317 | KO6: 46318 | KP6: 46319 | KQ6: 46320 | KR6: 46321 | KS6: 46322 | KT6: 46323 | KU6: 46324 | KV6: 46325 | KW6: 46326 | KX6: 46327 | KY6: 46328 | KZ6: 46329 | LA6: 46330 | LB6: 46331 | LC6: 46332 | LD6: 46333 | LE6: 46334 | LF6: 46335 | LG6: 46336 | LH6: 46337 | LI6: 46338 | LJ6: 46339 | LK6: 46340 | LL6: 46341 | LM6: 46342 | LN6: 46343 | LO6: 46344 | LP6: 46345 | LQ6: 46346 | LR6: 46347 | LS6: 46348 | LT6: 46349 | LU6: 46350 | LV6: 46351 | LW6: 46352 | LX6: 46353 | LY6: 46354 | LZ6: 46355 | MA6: 46356 | MB6: 46357 | MC6: 46358 | MD6: 46359 | ME6: 46360 | MF6: 46361 | MG6: 46362 | MH6: 46363 | MI6: 46364 | MJ6: 46365 | MK6: 46366 | ML6: 46367 | MM6: 46368 | MN6: 46369 | MO6: 46370 | MP6: 46371 | MQ6: 46372 | MR6: 46373 | MS6: 46374 | MT6: 46375 | MU6: 46376 | MV6: 46377 | MW6: 46378 | MX6: 46379 | MY6: 46380 | MZ6: 46381 | NA6: 46382 | NB6: 46383 | NC6: 46384 | ND6: 46385 | NE6: 46386
A9: Materia prima Elaborada (Kgs) | D9: 1448 | J9: 1892 | K9: 2101 | L9: 2174 | M9: 2026 | N9: 1194 | Q9: 1810 | R9: 1819 | S9: 1978 | T9: 1730 | U9: 1304 | X9: 1550 | Y9: 1718 | Z9: 1551 | AA9: 670 | AB9: 1072 | AE9: 1500 | AF9: 1450 | AG9: 1000 | AH9: 1065 | AI9: 1100 | AL9: 615 | AM9: 1389 | AN9: 1223 | AO9: 1025 | AP9: 1650 | AS9: 400 | AT9: 1394 | AU9: 570 | AV9: 1285 | AW9: 660 | AZ9: 300 | BA9: 869 | BB9: 271 | BC9: 813 | BD9: 1006 | BH9: 1500 | BI9: 1400 | BJ9: 1207 | BK9: 760 | BO9: 2126 | BQ9: 1230 | BR9: 1200 | BU9: 1200 | BV9: 890 | BW9: 1100 | BY9: 1200 | CB9: 400 | CC9: 1100 | CD9: 572 | CE9: 1870 | CI9: 704 | CJ9: 1182 | CL9: 1373 | CP9: 1165 | CR9: 1510 | CS9: 1014 | CW9: 701 | CX9: 1100 | CZ9: 1338 | DA9: 436 | DE9: 1076 | DG9: 846 | DH9: 320 | DK9: 290 | DM9: 830 | DR9: 440 | DT9: 469 | DY9: 195 | EA9: 432 | EC9: 435 | EG9: 413 | EJ9: 516 | EM9: 467 | EO9: 579 | ET9: 755 | EV9: 503 | EX9: 812 | FA9: 798 | FC9: 934 | FD9: 849 | FH9: 1000 | FI9: 445 | FJ9: 1159 | FK9: 846
A10: descarte | D10: 78 | J10: 48 | K10: 67 | L10: 38 | M10: 97 | N10: 88 | Q10: 78 | R10: 24 | S10: 18 | T10: 28 | U10: 65 | X10: 95 | Y10: 22 | Z10: 7 | AA10: 73 | AB10: 16 | AE10: 74 | AF10: 32 | AG10: 15 | AI10: 55 | AO10: 29 | AP10: 74 | AS10: 30 | AZ10: 24 | BD10: 12 | BI10: 15 | BJ10: 45 | BK10: 25 | BU10: 55 | CB10: 28 | CE10: 14 | DK10: 5 | DM10: 7 | EC10: 8 | EJ10: 10 | EM10: 16 | ET10: 11 | EX10: 3 | FA10: 34 | FH10: 21 | FI10: 9 | FK10: 5
A11: venta descarte por calibre | J11: 0 | AL11: 0 | BG11: 0 | BO11: 13 | BQ11: 51 | BR11: 10 | CP11: 0 | DR11: 20
A13: Papaya congelada | C13: 543 | D13: 80 | E13: 292 | J13: 90 | K13: 387 | M13: 480 | N13: 120 | Q13: 320 | R13: 210 | S13: 200 | T13: 164 | U13: 160 | X13: 382 | Y13: 380 | Z13: 270 | AB13: 240 | AE13: 288 | AF13: 336 | AG13: 418 | AH13: 420 | AI13: 240 | AL13: 518 | AN13: 370 | AO13: 300 | AP13: 240 | AS13: 410 | AT13: 80 | AU13: 450 | AV13: 240 | AW13: 240 | AZ13: 508 | BA13: 240 | BB13: 368 | BC13: 486 | BD13: 265 | BG13: 400 | BH13: 120 | BI13: 400 | BJ13: 250 | BK13: 400 | BN13: 240 | BP13: 480 | BR13: 120 | BU13: 120 | BV13: 120 | BW13: 120 | BX13: 550 | BY13: 250 | CB13: 240 | CC13: 220 | CD13: 250 | CF13: 120 | CI13: 360 | CK13: 360 | CM13: 120 | CQ13: 120 | CR13: 120 | CS13: 240 | CW13: 41 | CY13: 480 | CZ13: 100 | DD13: 380 | DH13: 240 | DL13: 260 | DM13: 130 | DN13: 370 | DO13: 120 | DS13: 132 | DU13: 250 | DZ13: 120 | EA13: 130 | EB13: 130 | EF13: 130 | EG13: 130 | EH13: 130 | EI13: 130 | EN13: 249 | EP13: 240 | EU13: 240 | EV13: 120 | EW13: 240 | FB13: 120 | FE13: 240 | FI13: 120 | FJ13: 120 | FL13: 352
A14: Papaya directa | L14: 120 | AS14: 20 | BI14: 10 | CW14: 79
A15: Nectar 300cc | B15: 1521 | C15: 1063 | D15: 972 | K15: 1628 | N15: 1481 | Q15: 670 | S15: 1004 | T15: 512 | X15: 3982 | AF15: 945 | AG15: 5620 | AN15: 3374 | AU15: 2857 | BA15: 2918 | BB15: 2786 | BJ15: 2879 | BR15: 1423 | BV15: 1400 | BX15: 4086 | CC15: 2660 | CK15: 1329 | CR15: 1386 | CY15: 1380 | CZ15: 1373 | DH15: 1362 | DM15: 1430 | DO15: 1412 | DU15: 1450 | EB15: 1450 | EG15: 1498 | EH15: 1449 | EV15: 1463 | FE15: 2866
A16: Nectar 300cc light | B16: 604 | C16: 1233 | L16: 1265 | R16: 885 | U16: 456 | Z16: 1240 | AE16: 441 | AH16: 1265 | AI16: 500 | AN16: 925 | AO16: 1008 | AS16: 867 | AW16: 1039 | BC16: 1377 | BK16: 1302 | BP16: 1364 | CB16: 1319 | CF16: 1330 | CQ16: 1192 | DL16: 2615 | DZ16: 1292 | EN16: 1355 | EW16: 1337
A17: Nectar 1 lt | B17: 935 | C17: 623 | E17: 890 | K17: 991 | M17: 903 | Q17: 818 | S17: 433 | T17: 434 | Y17: 1351 | AB17: 864 | AF17: 1046 | AH17: 1018 | AI17: 432 | AL17: 1463 | AO17: 446 | AP17: 896 | AS17: 456 | AT17: 294 | AU17: 878 | AV17: 864 | AZ17: 1373 | BB17: 462 | BC17: 888 | BD17: 433 | BG17: 1347 | BI17: 905 | BK17: 892 | BN17: 421 | BP17: 864 | BU17: 449 | BW17: 430 | BY17: 941 | CD17: 880 | CI17: 944 | CK17: 881 | CS17: 840 | CW17: 400 | CY17: 900 | DH17: 478 | DN17: 1325 | DS17: 429 | DU17: 432 | EA17: 451 | EF17: 447 | EI17: 445 | EP17: 890 | EU17: 879 | FB17: 432 | FJ17: 420 | FL17: 1318
A18: Nectar 1 lt ligth | B18: 393 | C18: 407 | J18: 264 | M18: 409 | R18: 414 | U18: 413 | Z18: 424 | AE18: 832 | AI18: 264 | AL18: 517 | AO18: 415 | AS18: 825 | AW18: 414 | AZ18: 427 | BC18: 414 | BD18: 422 | BH18: 387 | BI18: 410 | BN18: 400 | BP18: 408 | BX18: 819 | CB18: 405 | CI18: 400 | CM18: 408 | CY18: 420 | DD18: 1240 | EN18: 415 | EW18: 423 | FI18: 384
A19: Papaya congelada | E19: 50 | T19: 82 | AA19: 125 | AH19: 80 | AM19: 210 | AS19: 140 | AW19: 116 | BA19: 20 | CD19: 29 | CF19: 60 | CM19: 127 | DF19: 72
A20: Papaya directa | D20: 106 | J20: 100 | L20: 73 | M20: 27 | N20: 75 | Q20: 55 | R20: 135 | S20: 124 | T20: 120 | U20: 93 | Y20: 94 | Z20: 104 | AB20: 77 | AE20: 83 | AG20: 85 | AH20: 74 | AI20: 45 | AL20: 29 | AM20: 123 | AN20: 93 | AO20: 48 | AP20: 87 | AS20: 20 | AT20: 145 | AV20: 171 | AW20: 35 | BA20: 210 | BC20: 56 | BD20: 169 | BH20: 289 | BI20: 125 | BJ20: 125 | BK20: 75 | BO20: 188 | BQ20: 244 | BR20: 140 | BU20: 87 | BV20: 115 | BW20: 142 | BY20: 117 | CC20: 99 | CD20: 204 | CE20: 205 | CI20: 62 | CJ20: 200 | CL20: 187 | CP20: 140 | CR20: 225 | CS20: 185 | CW20: 96 | CX20: 249 | CZ20: 203 | DA20: 78 | DE20: 150 | DG20: 128 | DH20: 47 | DK20: 39 | DM20: 170 | DR20: 121 | DT20: 71 | EA20: 51 | EC20: 63 | EG20: 60 | EJ20: 69 | EM20: 60 | EO20: 148 | ET20: 142 | EV20: 57 | EX20: 66 | FA20: 68 | FC20: 218 | FD20: 114 | FH20: 87 | FI20: 63 | FJ20: 133 | FK20: 104
A21: Papaya Jugo 1 Kg | B21: 408 | D21: 172 | J21: 191 | L21: 105 | M21: 48 | Q21: 101 | R21: 243 | S21: 207 | T21: 227 | U21: 173 | Y21: 182 | Z21: 197 | AB21: 147 | AE21: 160 | AG21: 164 | AI21: 84 | AL21: 55 | AM21: 240 | AN21: 177 | AO21: 91 | AP21: 168 | AT21: 280 | AV21: 216 | AW21: 66 | BA21: 144 | BC21: 103 | BD21: 192 | BH21: 240 | BI21: 243 | BJ21: 237 | BK21: 133 | BO21: 348 | BQ21: 58 | BR21: 259 | BU21: 158 | BV21: 223 | BW21: 270 | BY21: 223 | CC21: 192 | CE21: 404 | CI21: 118 | CJ21: 394 | CL21: 362 | CP21: 272 | CR21: 442 | CS21: 350 | CW21: 183 | CX21: 336 | CZ21: 401 | DA21: 146 | DE21: 288 | DG21: 244 | DH21: 89 | DK21: 73 | DM21: 177 | DR21: 89 | DT21: 136 | EA21: 97 | EC21: 120 | EG21: 113 | EJ21: 132 | EM21: 112 | EO21: 98 | ET21: 144 | EV21: 96 | EX21: 121 | FA21: 121 | FC21: 182 | FD21: 223 | FH21: 168 | FI21: 120 | FJ21: 228 | FK21: 194
A22: Papaya Jugo 460 grs | B22: 159 | D22: 51 | L22: 65 | M22: 6 | Q22: 7 | R22: 12 | S22: 48 | Z22: 32 | DR22: 13 | ET22: 57 | EV22: 23 | EX22: 22 | FC22: 64 | FJ22: 66 | FK22: 18
A23: Papaya Jugo Cubitos 150gr | B23: 464 | E23: 1 | AA23: 421 | AM23: 600 | AV23: 567 | BA23: 474 | BH23: 545 | BQ23: 397 | CF23: 498 | CM23: 438 | DF23: 629 | ET23: 444
A24: Papaya Jugo Cubitos 460gr | E24: 182 | N24: 211 | T24: 244 | AA24: 230 | AH24: 440 | AM24: 345 | AS24: 448 | AW24: 361 | BA24: 384 | BD24: 200 | BH24: 307 | BQ24: 505 | BR24: 24 | CD24: 616 | CM24: 220 | CX24: 236 | DM24: 224 | DR24: 210 | EO24: 262 | FC24: 278
A25: Papaya congelada | E25: 110 | L25: 90 | Q25: 97 | S25: 100 | AA25: 185 | AH25: 90 | AI25: 80 | AO25: 220 | AT25: 100 | AU25: 100 | BB25: 200 | BD25: 120 | BG25: 100 | BJ25: 120 | BK25: 90 | BP25: 200 | BV25: 100 | CB25: 190 | CF25: 95 | CJ25: 100 | CQ25: 240 | DA25: 200 | DF25: 200 | DO25: 100 | DR25: 100 | DS25: 100 | DY25: 220 | EM25: 103 | EU25: 100 | FB25: 122
A26: Papaya directa | E26: 3600 | BJ26: 30
A27: Mermelada 825gr | B27: 144 | E27: 181 | L27: 89 | Q27: 95 | S27: 96 | AA27: 171 | AI27: 170 | AO27: 224 | AT27: 172 | BB27: 178 | BD27: 217 | BJ27: 209 | BP27: 208 | BV27: 209 | CB27: 178 | CJ27: 208 | CQ27: 211 | DA27: 199 | DF27: 178 | DO27: 95 | DR27: 64 | DS27: 67 | DY27: 179 | EU27: 204
A28: Mermelada 440gr | B28: 527 | L28: 163 | Q28: 161 | S28: 201 | AA28: 440 | AH28: 325 | AO28: 392 | AU28: 418 | BB28: 318 | BG28: 326 | BJ28: 73 | BK28: 286 | BP28: 391 | CB28: 356 | CF28: 380 | CQ28: 405 | DA28: 364 | DF28: 337 | DO28: 152 | DR28: 211 | DS28: 211 | DY28: 326 | EM28: 370 | FB28: 454
A30: Papaya Congelada Partida (Kg) | B30: 5877 | D30: 332 | J30: 531 | K30: 667 | L30: 541 | M30: 670 | N30: 402 | Q30: 600 | R30: 540 | S30: 584 | T30: 468 | U30: 364 | X30: 518 | Y30: 421 | Z30: 473 | AA30: 213 | AB30: 320 | AE30: 440 | AF30: 516 | AG30: 276 | AH30: 300 | AI30: 360 | AL30: 199 | AM30: 382 | AN30: 380 | AO30: 342 | AP30: 456 | AS30: 89 | AT30: 398 | AU30: 117 | AV30: 310 | AW30: 230 | AZ30: 120 | BA30: 128 | BB30: 96 | BC30: 210 | BD30: 180 | BH30: 270 | BI30: 344 | BJ30: 288 | BK30: 200 | BO30: 566 | BQ30: 234 | BR30: 268 | BU30: 330 | BV30: 201 | BW30: 261 | BY30: 326 | CB30: 130 | CC30: 325 | CD30: 23 | CE30: 477 | CI30: 208 | CJ30: 256 | CL30: 314 | CP30: 315 | CR30: 318 | CS30: 200 | CW30: 74 | CX30: 224 | CZ30: 293 | DA30: 93 | DE30: 246 | DG30: 176 | DH30: 65 | DK30: 71 | DM30: 100 | DR30: 23 | DT30: 88 | DY30: 54 | EA30: 79 | EC30: 78 | EG30: 60 | EJ30: 100 | EM30: 83 | EO30: 27 | ET30: 105 | EV30: 102 | EX30: 168 | FA30: 180 | FC30: 80 | FD30: 144 | FH30: 265 | FI30: 82 | FJ30: 223 | FK30: 181
A31: Papaya congelada
A32: Papaya directa
A33: Papaya Congelada Cubos (Kg)
A34: Papaya Directa Confites | D34: 27 | J34: 68 | K34: 60 | L34: 13 | N34: 11 | Q34: 10 | R34: 33 | S34: 14 | T34: 27 | X34: 53 | Y34: 34 | Z34: 16 | AA34: 37 | AB34: 10 | AE34: 23 | AF34: 35 | AG34: 15 | AH34: 18 | AI34: 8 | AL34: 12 | AM34: 24 | AN34: 20 | AO34: 15 | AP34: 24 | AS34: 16 | AT34: 16 | AU34: 97 | AV34: 10 | AW34: 12 | BA34: 13 | BB34: 11 | BC34: 44 | BD34: 35 | BH34: 36 | BI34: 28 | BJ34: 27 | BK34: 20 | BN34: 46 | BO34: 46 | BR34: 50 | BU34: 29 | BV34: 20 | BW34: 27 | BY34: 38 | CB34: 22 | CC34: 19 | CD34: 7 | CE34: 50 | CI34: 15 | CJ34: 30 | CL34: 32 | CP34: 14 | CR34: 60 | CS34: 23 | CW34: 17 | CX34: 44 | CZ34: 41 | DE34: 37 | DG34: 28 | DH34: 10 | DM34: 44 | DR34: 18 | DT34: 25 | DY34: 18 | EA34: 22 | EC34: 24 | EJ34: 22 | EM34: 26 | EO34: 32 | ET34: 35 | EV34: 30 | EX34: 37 | FA34: 34 | FC34: 56 | FD34: 40 | FI34: 18 | FJ34: 67 | FK34: 26
A35: Jarabe Papayas | B35: 470 | C35: 147 | R35: 203 | Z35: 202 | AF35: 144 | AM35: 222 | AS35: 141 | AT35: 140 | AW35: 146 | BW35: 365 | BX35: 209 | CM35: 323 | CY35: 406 | DO35: 203 | ET35: 319 | FK35: 385
A36: Papayas Confitadas | C36: 45 | D36: 70 | E36: 70 | K36: 25 | L36: 34 | M36: 33 | N36: 52 | Q36: 44 | R36: 60 | S36: 40 | T36: 40 | U36: 85 | X36: 92 | Y36: 40 | AA36: 48 | AB36: 100 | AE36: 87 | AG36: 90 | AH36: 25 | AI36: 65 | AL36: 87 | AN36: 40 | AO36: 45 | AP36: 65 | AT36: 145 | AZ36: 88 | BB36: 60 | BD36: 47 | BG36: 60 | BH36: 50 | BI36: 40 | BJ36: 20 | BK36: 35 | BN36: 40 | BO36: 40 | BQ36: 20 | BR36: 47 | BU36: 42 | BV36: 60 | BW36: 32 | BY36: 45 | CB36: 62 | CC36: 40 | CD36: 45 | CF36: 46 | CI36: 15 | CJ36: 60 | CL36: 20 | CM36: 30 | CQ36: 60 | CR36: 11 | CS36: 86 | CX36: 60 | DA36: 35 | DD36: 40 | DE36: 60 | DK36: 50 | DL36: 40 | DM36: 50 | DO36: 56 | DR36: 44 | DS36: 60 | DU36: 48 | EC36: 50 | EG36: 20 | EH36: 60 | EJ36: 24 | EN36: 40 | EO36: 32 | EP36: 30 | EU36: 73 | EW36: 25 | EX36: 25 | FA36: 10 | FB36: 20 | FC36: 60 | FE36: 54 | FH36: 20 | FI36: 60 | FL36: 45
A37: Trozos Confitados | C37: 34 | E37: 19 | N37: 15 | Q37: 34 | T37: 27 | U37: 37 | X37: 19 | AA37: 23 | AB37: 23 | AE37: 36 | AG37: 25 | AI37: 24 | AL37: 35 | AO37: 51 | AP37: 31 | AT37: 49 | AZ37: 36 | BB37: 18 | BD37: 40 | BH37: 26 | BK37: 33 | BO37: 82 | BR37: 27 | BU37: 52 | BW37: 12 | BY37: 88 | CB37: 49 | CD37: 11 | CF37: 36 | CI37: 36 | CL37: 30 | CM37: 29 | CP37: 50 | CQ37: 45 | CR37: 66 | CS37: 80 | CY37: 83 | DA37: 49 | DD37: 78 | DK37: 49 | DM37: 21 | DR37: 38 | DU37: 19 | EC37: 64 | EG37: 28 | EO37: 28 | EP37: 5 | EU37: 21 | EW37: 20 | FA37: 27 | FE37: 13 | FH37: 40 | FL37: 15
A40: rendimiento pelador | C40: =IF(C9=0," ",(C14+C20+C26+C30+C32+C34)/C9) | D40: =IF(D9=0," ",(D14+D20+D26+D30+D32+D34)/D9) -> 0.3211326 | E40: =IF(E9=0," ",(E14+E20+E26+E30+E32+E34)/E9) | F40: =IF(F9=0," ",(F14+F20+F26+F30+F32+F34)/F9) | G40: =IF(G9=0," ",(G14+G20+G26+G30+G32+G34)/G9) | H40: =IF(H9=0," ",(H14+H20+H26+H30+H32+H34)/H9) | I40: =IF(I9=0," ",(I14+I20+I26+I30+I32+I34)/I9) | J40: =IF(J9=0," ",(J14+J20+J26+J30+J32+J34)/J9) -> 0.36945032 | ... AO40: =IF(AO9=0," ",(AO14+AO20+AO26+AO30+AO32+AO34)/AO9) -> 0.39512195 | AP40: =IF(AP9=0," ",(AP14+AP21+AP26+AP30+AP32+AP34)/AP9) -> 0.39272727 | AQ40: =IF(AQ9=0," ",(AQ14+AQ20+AQ26+AQ30+AQ32+AQ34)/AQ9) | AR40: =IF(AR9=0," ",(AR14+AR20+AR26+AR30+AR32+AR34)/AR9) | AS40: =IF(AS9=0," ",(AS14+AS20+AS26+AS30+AS32+AS34)/AS9) -> 0.3625 | AT40: =IF(AT9=0," ",(AT14+AT20+AT26+AT30+AT32+AT34)/AT9) -> 0.4010043 | AU40: =IF(AU9=0," ",(AU14+AU20+AU26+AU30+AU32+AU34)/AU9) -> 0.3754386 | AV40: =IF(AV9=0," ",(AV14+AV20+AV26+AV30+AV32+AV34)/AV9) -> 0.38210117 | AW40: =IF(AW9=0," ",(AW14+AW20+AW26+AW30+AW32+AW34)/AW9) -> 0.41969697 | AX40: =IF(AX9=0," ",(AX14+AX20+AX26+AX30+AX32+AX34)/AX9) | ... DH40: =IF(DH9=0," ",(DH14+DH20+DH26+DH30+DH32+DH34)/DH9) -> 0.38125 | DI40: =IF(DI9=0," ",(DI14+DI19+DI26+DI30+DI32+DI34)/DI9) | DJ40: =IF(DJ9=0," ",(DJ14+DJ20+DJ26+DJ30+DJ32+DJ34)/DJ9) | DK40: =IF(DK9=0," ",(DK14+DK20+DK26+DK30+DK32+DK34)/DK9) -> 0.37931034 | DL40: =IF(DL9=0," ",(DL14+DL20+DL26+DL30+DL32+DL34)/DL9) | DM40: =IF(DM9=0," ",(DM14+DM20+DM26+DM30+DM32+DM34)/DM9) -> 0.37831325 | DN40: =IF(DN9=0," ",(DN14+DN20+DN26+DN30+DN32+DN34)/DN9) | DO40: =IF(DO9=0," ",(DO14+DO20+DO26+DO30+DO32+DO34)/DO9) | DP40: =IF(DP9=0," ",(DP14+DP20+DP26+DP30+DP32+DP34)/DP9) | DQ40: =IF(DQ9=0," ",(DQ14+DQ20+DQ26+DQ30+DQ32+DQ34)/DQ9) | ... NE40: =IF(NE9=0," ",(NE14+NE20+NE26+NE30+NE32+NE34)/NE9)
A41: rendimiento nectar kg/lt | C41: =IF(SUM(C15:C18)=0," ",(C13+C14)/(((C15+C16)*0.25)+(C17+C18))) -> 0.33852868 | D41: =IF(SUM(D15:D18)=0," ",(D13+D14)/(((D15+D16)*0.25)+(D17+D18))) -> 0.32921811 | E41: =IF(SUM(E15:E18)=0," ",(E13+E14)/(((E15+E16)*0.25)+(E17+E18))) -> 0.32808989 | F41: =IF(SUM(F15:F18)=0," ",(F13+F14)/(((F15+F16)*0.25)+(F17+F18))) | G41: =IF(SUM(G15:G18)=0," ",(G13+G14)/(((G15+G16)*0.25)+(G17+G18))) | H41: =IF(SUM(H15:H18)=0," ",(H13+H14)/(((H15+H16)*0.25)+(H17+H18))) | I41: =IF(SUM(I15:I18)=0," ",(I13+I14)/(((I15+I16)*0.25)+(I17+I18))) | J41: =IF(SUM(J15:J18)=0," ",(J13+J14)/(((J15+J16)*0.25)+(J17+J18))) -> 0.34090909 | ... AN41: =IF(SUM(AN15:AN18)=0," ",(AN13+AN14)/(((AN15+AN16)*0.25)+(AN17+AN18))) -> 0.34426611 | AO41: =IF(SUM(AO15:AO18)=0," ",(AO13+AO14)/(((AO15+AO16)*0.25)+(AO17+AQ18))) -> 0.42979943 | AP41: =IF(SUM(AP15:AP19)=0," ",(AP13+AP14)/(((AP15+AP16)*0.25)+(AP17+AP19))) -> 0.26785714 | AQ41: =IF(SUM(AQ15:AQ18)=0," ",(AQ13+AQ14)/(((AQ15+AQ16)*0.25)+(AQ17+#REF!))) | AR41: =IF(SUM(AR15:AR18)=0," ",(AR13+AR14)/(((AR15+AR16)*0.25)+(AR17+AR18))) | AS41: =IF(SUM(AS15:AS18)=0," ",(AS13+AS14)/(((AS15+AS16)*0.25)+(AS17+AS18))) -> 0.28709731 | AT41: =IF(SUM(AT15:AT18)=0," ",(AT13+AT14)/(((AT15+AT16)*0.25)+(AT17+AT18))) -> 0.27210884 | AU41: =IF(SUM(AU15:AU18)=0," ",(AU13+AU14)/(((AU15+AU16)*0.25)+(AU17+AU18))) -> 0.28261894 | AV41: =IF(SUM(AV15:AV18)=0," ",(AV13+AV14)/(((AV15+AV16)*0.25)+(AV17+AV18))) -> 0.27777778 | AW41: =IF(SUM(AW15:AW18)=0," ",(AW13+AW14)/(((AW15+AW16)*0.25)+(AW17+AW18))) -> 0.35621521 | AX41: =IF(SUM(AX15:AX18)=0," ",(AX13+AX14)/(((AX15+AX16)*0.25)+(AX17+AX18))) | AY41: =IF(SUM(AY15:AY18)=0," ",(AY13+AY14)/(((AY15+AY16)*0.25)+(AY17+AY18))) | ... NE41: =IF(SUM(NE15:NE18)=0," ",(NE13+NE14)/(((NE15+NE16)*0.25)+(NE17+NE18)))
A42: rendimiento papaya al jugo kg/lt | C42: =IF(SUM(C19:C20)=0," ",(C19+C20)/(C21+(C22*0.46)+(C23*0.15)+(C24*0.46))) | D42: =IF(SUM(D19:D20)=0," ",(D19+D20)/(D21+(D22*0.46)+(D23*0.15)+(D24*0.46))) -> 0.54231045 | E42: =IF(SUM(E19:E20)=0," ",(E19+E20)/(E21+(E22*0.46)+(E23*0.15)+(E24*0.46))) -> 0.59616072 | F42: =IF(SUM(F19:F20)=0," ",(F19+F20)/(F21+(F22*0.46)+(F23*0.15)+(F24*0.46))) | G42: =IF(SUM(G19:G20)=0," ",(G19+G20)/(G21+(G22*0.46)+(G23*0.15)+(G24*0.46))) | H42: =IF(SUM(H19:H20)=0," ",(H19+H20)/(H21+(H22*0.46)+(H23*0.15)+(H24*0.46))) | I42: =IF(SUM(I19:I20)=0," ",(I19+I20)/(I21+(I22*0.46)+(I23*0.15)+(I24*0.46))) | J42: =IF(SUM(J19:J20)=0," ",(J19+J20)/(J21+(J22*0.46)+(J23*0.15)+(J24*0.46))) -> 0.52356021 | ... AO42: =IF(SUM(AO19:AO20)=0," ",(AO19+AO20)/(AO21+(AO22*0.46)+(AO23*0.15)+(AO24*0.46))) -> 0.52747253 | AP42: =IF(SUM(AP19:AP21)=0," ",(#REF!+AP21)/(#REF!+(AP22*0.46)+(AP23*0.15)+(AP24*0.46))) -> #REF! | AQ42: =IF(SUM(AQ19:AQ20)=0," ",(AQ19+AQ20)/(AQ21+(AQ22*0.46)+(AQ23*0.15)+(AQ24*0.46))) | AR42: =IF(SUM(AR19:AR20)=0," ",(AR19+AR20)/(AR21+(AR22*0.46)+(AR23*0.15)+(AR24*0.46))) | AS42: =IF(SUM(AS19:AS20)=0," ",(AS19+AS20)/(AS21+(AS22*0.46)+(AS23*0.15)+(AS24*0.46))) -> 0.77639752 | AT42: =IF(SUM(AT19:AT20)=0," ",(AT19+AT20)/(AT21+(AT22*0.46)+(AT23*0.15)+(AT24*0.46))) -> 0.51785714 | AU42: =IF(SUM(AU19:AU20)=0," ",(AU19+AU20)/(AU21+(AU22*0.46)+(AU23*0.15)+(AU24*0.46))) | AV42: =IF(SUM(AV19:AV20)=0," ",(AV19+AV20)/(AV21+(AV22*0.46)+(AV23*0.15)+(AV24*0.46))) -> 0.56801196 | AW42: =IF(SUM(AW19:AW20)=0," ",(AW19+AW20)/(AW21+(AW22*0.46)+(AW23*0.15)+(AW24*0.46))) -> 0.65069379 | AX42: =IF(SUM(AX19:AX20)=0," ",(AX19+AX20)/(AX21+(AX22*0.46)+(AX23*0.15)+(AX24*0.46))) | ... DH42: =IF(SUM(DH19:DH20)=0," ",(DH19+DH20)/(DH21+(DH22*0.46)+(DH23*0.15)+(DH24*0.46))) -> 0.52808989 | DI42: =IF(SUM(DI19:DI19)=0," ",(#REF!+DI19)/(DI21+(DI22*0.46)+(DI23*0.15)+(DI24*0.46))) | DJ42: =IF(SUM(DJ19:DJ20)=0," ",(DJ19+DJ20)/(DJ21+(DJ22*0.46)+(DJ23*0.15)+(DJ24*0.46))) | DK42: =IF(SUM(DK19:DK20)=0," ",(DK19+DK20)/(DK21+(DK22*0.46)+(DK23*0.15)+(DK24*0.46))) -> 0.53424658 | DL42: =IF(SUM(DL19:DL20)=0," ",(DL19+DL20)/(DL21+(DL22*0.46)+(DL23*0.15)+(DL24*0.46))) | DM42: =IF(SUM(DM19:DM20)=0," ",(DM19+DM20)/(DM21+(DM22*0.46)+(DM23*0.15)+(DM24*0.46))) -> 0.60705613 | DN42: =IF(SUM(DN19:DN20)=0," ",(DN19+DN20)/(DN21+(DN22*0.46)+(DN23*0.15)+(DN24*0.46))) | DO42: =IF(SUM(DO19:DO20)=0," ",(DO19+DO20)/(DO21+(DO22*0.46)+(DO23*0.15)+(DO24*0.46))) | DP42: =IF(SUM(DP19:DP20)=0," ",(DP19+DP20)/(DP21+(DP22*0.46)+(DP23*0.15)+(DP24*0.46))) | DQ42: =IF(SUM(DQ19:DQ20)=0," ",(DQ19+DQ20)/(DQ21+(DQ22*0.46)+(DQ23*0.15)+(DQ24*0.46))) | ... NE42: =IF(SUM(NE19:NE20)=0," ",(NE19+NE20)/(NE21+(NE22*0.46)+(NE23*0.15)+(NE24*0.46)))
A43: rendimiento mermelada kg/lt | C43: =IF(SUM(C25:C26)=0," ",(C25+C26)/(C27+(C28*0.34))) | D43: =IF(SUM(D25:D26)=0," ",(D25+D26)/(D27+(D28*0.34))) | E43: =IF(SUM(E25:E26)=0," ",(E25+E26)/(E27+(E28*0.34))) -> 20.497238 | F43: =IF(SUM(F25:F26)=0," ",(F25+F26)/(F27+(F28*0.34))) | G43: =IF(SUM(G25:G26)=0," ",(G25+G26)/(G27+(G28*0.34))) | H43: =IF(SUM(H25:H26)=0," ",(H25+H26)/(H27+(H28*0.34))) | I43: =IF(SUM(I25:I26)=0," ",(I25+I26)/(I27+(I28*0.34))) | J43: =IF(SUM(J25:J26)=0," ",(J25+J26)/(J27+(J28*0.34))) | ... NE43: =IF(SUM(NE25:NE26)=0," ",(NE25+NE26)/(NE27+(NE28*0.34)))
A44: rendimiento congelada cubos kg/kg | C44: =IF(SUM(C31:C32)=0," ",(C31+C32)/C33) | D44: =IF(SUM(D31:D32)=0," ",(D31+D32)/D33) | E44: =IF(SUM(E31:E32)=0," ",(E31+E32)/E33) | F44: =IF(SUM(F31:F32)=0," ",(F31+F32)/F33) | G44: =IF(SUM(G31:G32)=0," ",(G31+G32)/G33) | H44: =IF(SUM(H31:H32)=0," ",(H31+H32)/H33) | I44: =IF(SUM(I31:I32)=0," ",(I31+I32)/I33) | J44: =IF(SUM(J31:J32)=0," ",(J31+J32)/J33) | ... JE44: =IF(SUM(JE31:JE32)=0," ",(JE31+JE32)/JE33) | JF44: =IF(SUM(JF31:JF32)=0," ",(JF31+JF32)/#REF!) | JG44: =IF(SUM(JG31:JG32)=0," ",(JG31+JG32)/JG33) | JH44: =IF(SUM(JH31:JH32)=0," ",(JH31+JH32)/JH33) | JI44: =IF(SUM(JI31:JI32)=0," ",(JI31+JI32)/JI33) | JJ44: =IF(SUM(JJ31:JJ32)=0," ",(JJ31+JJ32)/JJ33) | JK44: =IF(SUM(JK31:JK32)=0," ",(JK31+JK32)/JK33) | JL44: =IF(SUM(JL31:JL32)=0," ",(JL31+JL32)/JL33) | JM44: =IF(SUM(JM31:JM32)=0," ",(JM31+JM32)/JM33) | JN44: =IF(SUM(JN31:JN32)=0," ",(JN31+JN32)/JN33) | ... NE44: =IF(SUM(NE31:NE32)=0," ",(NE31+NE32)/NE33)

Sheet Ventas_Des2
C1: 1 | D1: 2 | E1: 3 | F1: 4 | G1: 5 | H1: 6 | I1: 7 | J1: 8 | K1: 9 | L1: 10 | M1: 11 | N1: 12 | O1: 13 | P1: 14 | Q1: 15 | R1: 16 | S1: 17 | T1: 18 | U1: 19 | V1: 20 | W1: 21 | X1: 22 | Y1: 23 | Z1: 24 | AA1: 25 | AB1: 26 | AC1: 27 | AD1: 28 | AE1: 29 | AF1: 30 | AG1: 31 | AH1: 32 | AI1: 33 | AJ1: 34 | AK1: 35 | AL1: 36 | AM1: 37 | AN1: 38 | AO1: 39 | AP1: 40 | AQ1: 41 | AR1: 42 | AS1: 43 | AT1: 44 | AU1: 45 | AV1: 46 | AW1: 47 | AX1: 48 | AY1: 49 | AZ1: 50 | BA1: 51 | BB1: 52 | BC1: 53
A2: Fábrica Papayas | C2: Semana 1 | D2: Semana 2 | E2: Semana 3 | F2: Semana 4 | G2: Semana 5 | H2: Semana 6 | I2: Semana 7 | J2: Semana 8 | K2: Semana 9 | L2: Semana 10 | M2: Semana 11 | N2: Semana 12 | O2: Semana 13 | P2: Semana 14 | Q2: Semana 15 | R2: Semana 16 | S2: Semana 17 | T2: Semana 18 | U2: Semana 19 | V2: Semana 20 | W2: Semana 21 | X2: Semana 22 | Y2: Semana 23 | Z2: Semana 24 | AA2: Semana 25 | AB2: Semana 26 | AC2: Semana 27 | AD2: Semana 28 | AE2: Semana 29 | AF2: Semana 30 | AG2: Semana 31 | AH2: Semana 32 | AI2: Semana 33 | AJ2: Semana 34 | AK2: Semana 35 | AL2: Semana 36 | AM2: Semana 37 | AN2: Semana 38 | AO2: Semana 39 | AP2: Semana 40 | AQ2: Semana 41 | AR2: Semana 42 | AS2: Semana 43 | AT2: Semana 44 | AU2: Semana 45 | AV2: Semana 46 | AW2: Semana 47 | AX2: Semana 48 | AY2: Semana 49 | AZ2: Semana 50 | BA2: Semana 51 | BB2: Semana 52 | BC2: Semana 53
A3: Stock Materia prima de huerto (Kgs)
A4: Materia prima de huerto (Kgs)
A5: Materia prima Elaborada (Kgs)
A6: descarte
A7: venta descarte por calibre | C7: 0 | E7: 0 | F7: 0 | G7: 0 | H7: 0 | K7: 0 | L7: 0 | M7: 0 | N7: 0 | P7: 0 | Q7: 0 | R7: 0 | S7: 0
A9: Papaya congelada
A10: Papaya directa
A11: Nectar 300cc | C11: 2422 | D11: 2761 | E11: 2955 | F11: 2618 | G11: 5363 | H11: 4345 | I11: 3520 | J11: 3830 | K11: 3621 | L11: 1905 | M11: 1232 | N11: 2175 | O11: 2058 | P11: 2145 | Q11: 2694 | R11: 2445 | S11: 450 | T11: 1020 | U11: 2544 | V11: 2160 | W11: 1800 | X11: 1230 | Y11: 2538 | Z11: 2169
A12: Nectar 300cc light | C12: 918 | D12: 1549 | E12: 1389 | F12: 901 | G12: 1494 | H12: 2545 | I12: 1872 | J12: 1290 | K12: 1095 | L12: 1355 | M12: 585 | N12: 1518 | O12: 465 | P12: 789 | Q12: 378 | R12: 378 | S12: 690 | T12: 300 | U12: 1308 | V12: 600 | W12: 1395 | X12: 300 | Z12: 1068
A13: Nectar 1 lt | C13: 1747 | D13: 2197 | E13: 1452 | F13: 2193 | G13: 2384 | H13: 2441 | I13: 2807 | J13: 3138 | K13: 2672 | L13: 1872 | M13: 994 | N13: 1239 | O13: 856 | P13: 1392 | Q13: 916 | R13: 660 | S13: 832 | T13: 876 | U13: 676 | V13: 921 | W13: 916 | X13: 960 | Y13: 928 | Z13: 720
A14: Nectar 1 lt ligth | C14: 800 | D14: 504 | E14: 823 | F14: 597 | G14: 816 | H14: 890 | I14: 1146 | J14: 1448 | K14: 950 | L14: 314 | M14: 572 | N14: 696 | O14: 156 | P14: 444 | Q14: 517 | R14: 144 | S14: 144 | T14: 384 | U14: 144 | V14: 144 | W14: 420 | X14: 288 | Y14: 180 | Z14: 336
A15: Papaya congelada
A16: Papaya directa
A17: Papaya Jugo 1 Kg | C17: 402 | D17: 369 | E17: 703 | F17: 404 | G17: 843 | H17: 381 | I17: 717 | J17: 526 | K17: 675 | L17: 463 | M17: 497 | N17: 625 | O17: 392 | P17: 938 | Q17: 563 | R17: 144 | S17: 644 | T17: 480 | U17: 248 | V17: 528 | W17: 608 | X17: 348 | Y17: 392 | Z17: 604
A18: Papaya Jugo 460 grs | C18: 48 | D18: 141 | E18: 140 | F18: 12 | J18: 36 | Z18: 24
A19: Papaya Jugo Cubitos 150gr | C19: 252 | D19: 192 | F19: 273 | G19: 169 | H19: 600 | I19: 378 | J19: 661 | K19: 547 | M19: 393 | O19: 96 | P19: 404 | R19: 63 | T19: 48 | U19: 144 | V19: 315 | W19: 372 | X19: 240 | Z19: 96
A20: Papaya Jugo Cubitos 460gr | D20: 182 | E20: 209 | F20: 476 | G20: 302 | H20: 483 | I20: 452 | J20: 731 | K20: 517 | L20: 140 | M20: 269 | N20: 112 | O20: 252 | P20: 280 | Q20: 170 | R20: 168 | S20: 168 | U20: 168 | V20: 166 | W20: 142 | X20: 56 | Y20: 168 | Z20: 192
A21: Papaya congelada
A22: Papaya directa
A23: Mermelada 825gr | C23: 144 | D23: 236 | E23: 130 | F23: 96 | G23: 170 | H23: 172 | I23: 384 | J23: 187 | K23: 426 | L23: 160 | M23: 96 | N23: 284 | P23: 192 | Q23: 48 | S23: 184 | T23: 60 | V23: 76 | W23: 128 | X23: 124 | Z23: 88
A24: Mermelada 440gr | C24: 289 | D24: 341 | E24: 212 | F24: 421 | G24: 229 | H24: 326 | I24: 531 | J24: 520 | K24: 576 | L24: 180 | M24: 316 | N24: 282 | O24: 188 | P24: 347 | Q24: 108 | R24: 188 | S24: 175 | T24: 60 | U24: 257 | V24: 344 | W24: 210 | X24: 175 | Y24: 36 | Z24: 330
A26: Papaya Congelada Partida (Kg) | C26: 925 | D26: 1167 | E26: 1333 | F26: 1582 | G26: 1952 | H26: 1858 | I26: 1876 | J26: 2207 | K26: 1880 | L26: 1040 | M26: 1250 | N26: 1204 | O26: 1067 | P26: 720 | Q26: 821 | R26: 892 | S26: 980 | T26: 582 | U26: 600 | V26: 520 | W26: 592 | X26: 700 | Y26: 487 | Z26: 592
A27: Papaya congelada
A28: Papaya directa
A29: Papaya Congelada Cubos (Kg)
A30: Papaya Directa Confites
A31: Jarabe Papayas | C31: 198 | D31: 102 | E31: 12 | G31: 156 | H31: 156 | I31: 114 | K31: 192 | L31: 156 | M31: 119 | N31: 156 | O31: 2 | P31: 180 | Q31: 2 | R31: 60 | S31: 2 | U31: 80 | V31: 78 | W31: 182 | X31: 114 | Y31: 2 | Z31: 70
A32: Papayas Confitadas | C32: 185 | D32: 144 | E32: 269 | F32: 280 | G32: 267 | H32: 237 | I32: 145 | J32: 195 | K32: 205 | L32: 147 | M32: 179 | N32: 193 | O32: 125 | P32: 157 | Q32: 95 | R32: 100 | S32: 196 | T32: 152 | U32: 50 | V32: 104 | W32: 102 | X32: 123 | Y32: 144 | Z32: 125
A33: Trozos Confitados | C33: 53 | D33: 15 | E33: 98 | F33: 65 | G33: 85 | H33: 117 | I33: 49 | J33: 94 | K33: 59 | L33: 109 | M33: 152 | N33: 96 | O33: 95 | P33: 241 | Q33: 132 | R33: 78 | S33: 70 | T33: 57 | U33: 64 | V33: 28 | W33: 33 | X33: 41 | Y33: 40 | Z33: 55
A35: papaya guardada congelada
A36: papaya guardada conserva
A38: rendimiento pelador
A39: rendimiento nectar kg/lt
A40: rendimiento papaya al jugo kg/lt
A41: rendimiento mermelada kg/lt
A42: rendimiento congelada cubos kg/kg

Sheet Stock_Real2
C1: 1 | D1: 2 | E1: 3 | F1: 4 | G1: 5 | H1: 6 | I1: 7 | J1: 8 | K1: 9 | L1: 10 | M1: 11 | N1: 12 | O1: 13 | P1: 14 | Q1: 15 | R1: 16 | S1: 17 | T1: 18 | U1: 19 | V1: 20 | W1: 21 | X1: 22 | Y1: 23 | Z1: 24 | AA1: 25 | AB1: 26 | AC1: 27 | AD1: 28 | AE1: 29 | AF1: 30 | AG1: 31 | AH1: 32 | AI1: 33 | AJ1: 34 | AK1: 35 | AL1: 36 | AM1: 37 | AN1: 38 | AO1: 39 | AP1: 40 | AQ1: 41 | AR1: 42 | AS1: 43 | AT1: 44 | AU1: 45 | AV1: 46 | AW1: 47 | AX1: 48 | AY1: 49 | AZ1: 50 | BA1: 51 | BB1: 52 | BC1: 53
A2: Fábrica Papayas | C2: Semana 1 | D2: Semana 2 | E2: Semana 3 | F2: Semana 4 | G2: Semana 5 | H2: Semana 6 | I2: Semana 7 | J2: Semana 8 | K2: Semana 9 | L2: Semana 10 | M2: Semana 11 | N2: Semana 12 | O2: Semana 13 | P2: Semana 14 | Q2: Semana 15 | R2: Semana 16 | S2: Semana 17 | T2: Semana 18 | U2: Semana 19 | V2: Semana 20 | W2: Semana 21 | X2: Semana 22 | Y2: Semana 23 | Z2: Semana 24 | AA2: Semana 25 | AB2: Semana 26 | AC2: Semana 27 | AD2: Semana 28 | AE2: Semana 29 | AF2: Semana 30 | AG2: Semana 31 | AH2: Semana 32 | AI2: Semana 33 | AJ2: Semana 34 | AK2: Semana 35 | AL2: Semana 36 | AM2: Semana 37 | AN2: Semana 38 | AO2: Semana 39 | AP2: Semana 40 | AQ2: Semana 41 | AR2: Semana 42 | AS2: Semana 43 | AT2: Semana 44 | AU2: Semana 45 | AV2: Semana 46 | AW2: Semana 47 | AX2: Semana 48 | AY2: Semana 49 | AZ2: Semana 50 | BA2: Semana 51 | BB2: Semana 52 | BC2: Semana 53
A3: Stock Materia prima de huerto (Kgs) | C3: 7369 | D3: 4456 | E3: 3303 | F3: 1974 | G3: 758 | H3: 430 | I3: 324 | J3: 818 | K3: 934 | L3: 1336 | M3: 428 | N3: 733 | O3: 1187 | P3: 795 | Q3: 308 | R3: 309 | S3: 500 | T3: 220 | U3: 277 | V3: 540 | W3: 966 | Y3: 1121 | Z3: 964
A4: Materia prima de huerto (Kgs)
A5: Materia prima Elaborada (Kgs)
A6: descarte
A7: venta descarte por calibre | C7: 0 | E7: 0 | F7: 0 | G7: 0 | K7: 0 | L7: 0 | M7: 0 | N7: 0 | P7: 0 | Q7: 0 | R7: 0 | S7: 0
A9: Papaya congelada
A10: Papaya directa
A11: Nectar 300cc | C11: 1134 | D11: 1482 | E11: 713 | F11: 2077 | G11: 3279 | H11: 2308 | I11: 1645 | J11: 3519 | K11: 2777 | L11: 2295 | M11: 6549 | N11: 7034 | O11: 6305 | P11: 5546 | Q11: 5605 | R11: 4522 | S11: 6914 | T11: 7344 | U11: 6250 | V11: 7037 | W11: 5237 | X11: 5470 | Y11: 5798 | Z11: 3629
A12: Nectar 300cc light | C12: 919 | D12: 635 | E12: 587 | F12: 926 | G12: 1638 | H12: 1026 | I12: 1060 | J12: 1147 | K12: 1354 | L12: 1363 | M12: 778 | N12: 1909 | O12: 1444 | P12: 1847 | Q12: 1469 | R12: 1091 | S12: 3016 | T12: 2716 | U12: 2700 | V12: 2100 | W12: 2060 | X12: 3097 | Y12: 3097 | Z12: 2029
A13: Nectar 1 lt | C13: 701 | D13: 398 | E13: 631 | F13: 653 | G13: 765 | H13: 1129 | I13: 814 | J13: 832 | K13: 1304 | L13: 717 | M13: 1543 | N13: 1184 | O13: 2153 | P13: 1601 | Q13: 1985 | R13: 1803 | S13: 2296 | T13: 2281 | U13: 2056 | V13: 2027 | W13: 2001 | X13: 1920 | Y13: 1424 | Z13: 2442
A14: Nectar 1 lt ligth | C14: 0 | D14: 169 | E14: 173 | F14: 0 | G14: 280 | H14: 322 | I14: 415 | J14: 230 | K14: 77 | L14: 571 | M14: 818 | N14: 527 | O14: 1179 | P14: 735 | Q14: 638 | R14: 1734 | S14: 1590 | T14: 1206 | U14: 1062 | V14: 918 | W14: 913 | X14: 1048 | Y14: 868 | Z14: 916
A15: Papaya congelada
A16: Papaya directa
A17: Papaya Jugo 1 Kg | C17: 178 | D17: 153 | E17: 401 | F17: 523 | G17: 88 | H17: 438 | I17: 283 | J17: 196 | K17: 374 | L17: 576 | M17: 953 | N17: 924 | O17: 1406 | P17: 1532 | Q17: 2035 | R17: 2512 | S17: 2118 | T17: 1863 | U17: 1832 | V17: 1549 | W17: 1151 | X17: 1164 | Y17: 1298 | Z17: 1404
A18: Papaya Jugo 460 grs | C18: 162 | D18: 92 | E18: 19 | F18: 39 | G18: 39 | H18: 39 | I18: 39 | J18: 3 | K18: 3 | L18: 3 | M18: 3 | N18: 3 | O18: 3 | P18: 3 | Q18: 3 | R18: 3 | S18: 3 | T18: 16 | U18: 16 | V18: 16 | W18: 16 | X18: 118 | Y18: 182 | Z18: 242
A19: Papaya Jugo Cubitos 150gr | C19: 213 | D19: 21 | E19: 21 | F19: 169 | I19: 189 | J19: 2 | L19: 397 | M19: 4 | N19: 502 | O19: 844 | P19: 440 | Q19: 440 | R19: 1006 | S19: 1006 | T19: 958 | U19: 814 | V19: 499 | W19: 127 | X19: 331 | Y19: 331 | Z19: 235
A20: Papaya Jugo Cubitos 460gr | C20: 182 | D20: 211 | E20: 246 | F20: 0 | G20: 138 | I20: 357 | J20: 210 | L20: 389 | M20: 120 | N20: 624 | O20: 592 | P20: 312 | Q20: 378 | R20: 210 | S20: 266 | T20: 476 | U20: 308 | V20: 142 | W20: 262 | X20: 206 | Y20: 316 | Z20: 124
A21: Papaya congelada
A22: Papaya directa
A23: Mermelada 825gr | C23: 181 | D23: 34 | E23: 95 | F23: 170 | G23: 170 | H23: 222 | I23: 10 | J23: 218 | K23: 1 | L23: 49 | M23: 162 | N23: 56 | O23: 264 | P23: 283 | Q23: 434 | R23: 612 | S23: 523 | T23: 594 | U23: 773 | V23: 697 | W23: 569 | X23: 649 | Y23: 649 | Z23: 561
A24: Mermelada 440gr | C24: 238 | D24: 60 | E24: 210 | F24: 229 | G24: 325 | H24: 391 | I24: 278 | J24: 76 | K24: 185 | L24: 396 | M24: 80 | N24: 534 | O24: 346 | P24: 404 | Q24: 660 | R24: 809 | S24: 786 | T24: 1148 | U24: 1217 | V24: 873 | W24: 1033 | X24: 858 | Y24: 1276 | Z24: 946
A26: Papaya Congelada Partida (Kg) | C26: 5284 | D26: 7066 | E26: 8151 | F26: 8514 | G26: 8454 | H26: 8355 | I26: 7623 | J26: 6150 | K26: 5372 | L26: 5400 | M26: 5268 | N26: 5019 | O26: 4730 | P26: 4843 | Q26: 4706 | R26: 4301 | S26: 3492 | T26: 3021 | U26: 2632 | V26: 2272 | W26: 1790 | X26: 1465 | Y26: 1382 | Z26: 1541
A27: Papaya congelada
A28: Papaya directa
A29: Papaya Congelada Cubos (Kg)
A30: Papaya Directa Confites
A31: Jarabe Papayas | C31: 419 | D31: 317 | E31: 508 | F31: 710 | G31: 698 | H31: 764 | I31: 1077 | J31: 1077 | K31: 885 | L31: 729 | M31: 1184 | N31: 1028 | O31: 1349 | P31: 1169 | Q31: 1573 | R31: 1513 | S31: 1714 | T31: 1714 | U31: 1634 | V31: 1556 | W31: 1374 | X31: 1579 | Y31: 1577 | Z31: 1892
A32: Papayas Confitadas
A33: Trozos Confitados
A35: papaya guardada congelada
A36: papaya guardada conserva
A38: rendimiento pelador
A39: rendimiento nectar kg/lt
A40: rendimiento papaya al jugo kg/lt
A41: rendimiento mermelada kg/lt
A42: rendimiento congelada cubos kg/kg

Sheet Semanal2
A3: Semana a Consultar | B3: 24
A4: 44562
A5: Fábrica Papayas | B5: =VLOOKUP(B3,Semana26,2,FALSE) -> 46181 | C5: =+B5+1 -> 46182 | D5: =+C5+1 -> 46183 | E5: =+D5+1 -> 46184 | F5: =+E5+1 -> 46185 | G5: =+F5+1 -> 46186 | H5: =VLOOKUP(B3,Semana26,3,FALSE) -> 46187 | I5: Suma Semana | J5: Stock Teorico | K5: Stock Real | L5: Diferencia
A6: Materia Prima Elaborada (Kgs) | B6: =HLOOKUP(B5,Datos2,4,FALSE) -> 1000 | C6: =HLOOKUP(C5,Datos2,4,FALSE) -> 445 | D6: =HLOOKUP(D5,Datos2,4,FALSE) -> 1159 | E6: =HLOOKUP(E5,Datos2,4,FALSE) -> 846 | F6: =HLOOKUP(F5,Datos2,4,FALSE) -> 0 | G6: =HLOOKUP(G5,Datos2,4,FALSE) -> 0 | H6: =HLOOKUP(H5,Datos2,4,FALSE) -> 0 | I6: =SUM(B6:H6) -> 3450 | J6: =3818+SUMIFS(Produccion_2026!$B$4:$NE$4,Fechas2,">="&Semanal2!A4,Fechas2,"<="&Semanal2!H5)-SUMIFS(Produccion_2026!$B$9:$NE$9,Fechas2,">="&Semanal2!A4,Fechas2,"<="&Semanal2!H5)-SUMIFS(Produccion_2026!$B$10:$NE$10,Fechas2,">="&Semanal2!A4,Fechas2,"<="&Semanal2!H5)-SUMIFS(Produccion_2026!$B$11:$NE$11,Fechas2,">="&Semanal2!A4,Fechas2,"<="&Semanal2!H5) -> 964 | K6: =HLOOKUP($B$3,Stock_Real2!$B$1:$BC$42,3,FALSE) -> 964 | L6: =+K6-J6 -> 0
A7: Fruta Comprada y Elaborada (Kgs) | B7: =HLOOKUP(B5,Datos3Compras,4,FALSE) -> 546-J.U | C7: =HLOOKUP(C5,Datos3Compras,4,FALSE) -> 0 | D7: =HLOOKUP(D5,Datos3Compras,4,FALSE) -> 0 | E7: =HLOOKUP(E5,Datos3Compras,4,FALSE) -> 0 | F7: =HLOOKUP(F5,Datos3Compras,4,FALSE) -> 0 | G7: =HLOOKUP(G5,Datos3Compras,4,FALSE) -> 0 | H7: =HLOOKUP(H5,Datos3Compras,4,FALSE) -> 0 | I7: =SUM(B7:H7) -> 0 | J7: 0 | K7: 0 | L7: 0
A8: Producción
A9: Nectar 300cc | B9: =HLOOKUP(B5,Datos2,10,FALSE) -> 0 | C9: =HLOOKUP(C5,Datos2,10,FALSE) -> 0 | D9: =HLOOKUP(D5,Datos2,10,FALSE) -> 0 | E9: =HLOOKUP(E5,Datos2,10,FALSE) -> 0 | F9: =HLOOKUP(F5,Datos2,10,FALSE) -> 0 | G9: =HLOOKUP(G5,Datos2,10,FALSE) -> 0 | H9: =HLOOKUP(H5,Datos2,10,FALSE) -> 0 | I9: =SUM(B9:H9) -> 0 | J9: =SUMIFS(Produccion_2026!B15:NE15,Fechas2,">="&$A$4,Fechas2,"<="&$H$5)-SUMIFS(Ventas_Des2!C11:BC11,SemanasVentas2,">=1",SemanasVentas2,"<="&$B$3)+Produccion_2026!B15 -> 3629 | K9: =HLOOKUP($B$3,Stock_Real2!$B$1:$BC$42,11,FALSE) -> 3629 | L9: =+K9-J9 -> 0
A10: Nectar 300cc Light | B10: =HLOOKUP(B5,Datos2,11,FALSE) -> 0 | C10: =HLOOKUP(C5,Datos2,11,FALSE) -> 0 | D10: =HLOOKUP(D5,Datos2,11,FALSE) -> 0 | E10: =HLOOKUP(E5,Datos2,11,FALSE) -> 0 | F10: =HLOOKUP(F5,Datos2,11,FALSE) -> 0 | G10: =HLOOKUP(G5,Datos2,11,FALSE) -> 0 | H10: =HLOOKUP(H5,Datos2,11,FALSE) -> 0 | I10: =SUM(B10:H10) -> 0 | J10: =SUMIFS(Produccion_2026!B16:NE16,Fechas2,">="&$A$4,Fechas2,"<="&$H$5)-SUMIFS(Ventas_Des2!C12:BC12,SemanasVentas2,">=1",SemanasVentas2,"<="&$B$3)+Produccion_2026!B16 -> 2029 | K10: =HLOOKUP($B$3,Stock_Real2!$B$1:$BC$42,12,FALSE) -> 2029 | L10: =+K10-J10 -> 0
A11: Nectar 1 lt | B11: =HLOOKUP(B5,Datos2,12,FALSE) -> 0 | C11: =HLOOKUP(C5,Datos2,12,FALSE) -> 0 | D11: =HLOOKUP(D5,Datos2,12,FALSE) -> 420 | E11: =HLOOKUP(E5,Datos2,12,FALSE) -> 0 | F11: =HLOOKUP(F5,Datos2,12,FALSE) -> 1318 | G11: =HLOOKUP(G5,Datos2,12,FALSE) -> 0 | H11: =HLOOKUP(H5,Datos2,12,FALSE) -> 0 | I11: =SUM(B11:H11) -> 1738 | J11: =SUMIFS(Produccion_2026!B17:NE17,Fechas2,">="&$A$4,Fechas2,"<="&$H$5)-SUMIFS(Ventas_Des2!C13:BC13,SemanasVentas2,">=1",SemanasVentas2,"<="&$B$3)+Produccion_2026!B17 -> 2442 | K11: =HLOOKUP($B$3,Stock_Real2!$B$1:$BC$42,13,FALSE) -> 2442 | L11: =+K11-J11 -> 0
A12: Nectar 1 lt Light | B12: =HLOOKUP(B5,Datos2,13,FALSE) -> 0 | C12: =HLOOKUP(C5,Datos2,13,FALSE) -> 384 | D12: =HLOOKUP(D5,Datos2,13,FALSE) -> 0 | E12: =HLOOKUP(E5,Datos2,13,FALSE) -> 0 | F12: =HLOOKUP(F5,Datos2,13,FALSE) -> 0 | G12: =HLOOKUP(G5,Datos2,13,FALSE) -> 0 | H12: =HLOOKUP(H5,Datos2,13,FALSE) -> 0 | I12: =SUM(B12:H12) -> 384 | J12: =SUMIFS(Produccion_2026!B18:NE18,Fechas2,">="&$A$4,Fechas2,"<="&$H$5)-SUMIFS(Ventas_Des2!C14:BC14,SemanasVentas2,">=1",SemanasVentas2,"<="&$B$3)+Produccion_2026!B18 -> 916 | K12: =HLOOKUP($B$3,Stock_Real2!$B$1:$BC$42,14,FALSE) -> 916 | L12: =+K12-J12 -> 0
A13: Papaya Jugo 1 Kg | B13: =HLOOKUP(B5,Datos2,16,FALSE) -> 168 | C13: =HLOOKUP(C5,Datos2,16,FALSE) -> 120 | D13: =HLOOKUP(D5,Datos2,16,FALSE) -> 228 | E13: =HLOOKUP(E5,Datos2,16,FALSE) -> 194 | F13: =HLOOKUP(F5,Datos2,16,FALSE) -> 0 | G13: =HLOOKUP(G5,Datos2,16,FALSE) -> 0 | H13: =HLOOKUP(H5,Datos2,16,FALSE) -> 0 | I13: =SUM(B13:H13) -> 710 | J13: =SUMIFS(Produccion_2026!B21:NE21,Fechas2,">="&$A$4,Fechas2,"<="&$H$5)-SUMIFS(Ventas_Des2!C17:BC17,SemanasVentas2,">=1",SemanasVentas2,"<="&$B$3)+Produccion_2026!B21 -> 1404 | K13: =HLOOKUP($B$3,Stock_Real2!$B$1:$BC$42,17,FALSE) -> 1404 | L13: =+K13-J13 -> 0
A14: Papaya Jugo 460 grs | B14: =HLOOKUP(B5,Datos2,17,FALSE) -> 0 | C14: =HLOOKUP(C5,Datos2,17,FALSE) -> 0 | D14: =HLOOKUP(D5,Datos2,17,FALSE) -> 66 | E14: =HLOOKUP(E5,Datos2,17,FALSE) -> 18 | F14: =HLOOKUP(F5,Datos2,17,FALSE) -> 0 | G14: =HLOOKUP(G5,Datos2,17,FALSE) -> 0 | H14: =HLOOKUP(H5,Datos2,17,FALSE) -> 0 | I14: =SUM(B14:H14) -> 84 | J14: =SUMIFS(Produccion_2026!B22:NE22,Fechas2,">="&$A$4,Fechas2,"<="&$H$5)-SUMIFS(Ventas_Des2!C18:BC18,SemanasVentas2,">=1",SemanasVentas2,"<="&$B$3)+Produccion_2026!B22 -> 242 | K14: =HLOOKUP($B$3,Stock_Real2!$B$1:$BC$42,18,FALSE) -> 242 | L14: =+K14-J14 -> 0
A15: Papaya Jugo Cubitos 150gr | B15: =HLOOKUP(B5,Datos2,18,FALSE) -> 0 | C15: =HLOOKUP(C5,Datos2,18,FALSE) -> 0 | D15: =HLOOKUP(D5,Datos2,18,FALSE) -> 0 | E15: =HLOOKUP(E5,Datos2,18,FALSE) -> 0 | F15: =HLOOKUP(F5,Datos2,18,FALSE) -> 0 | G15: =HLOOKUP(G5,Datos2,18,FALSE) -> 0 | H15: =HLOOKUP(H5,Datos2,18,FALSE) -> 0 | I15: =SUM(B15:H15) -> 0 | J15: =SUMIFS(Produccion_2026!B23:NE23,Fechas2,">="&$A$4,Fechas2,"<="&$H$5)-SUMIFS(Ventas_Des2!C19:BC19,SemanasVentas2,">=1",SemanasVentas2,"<="&$B$3)+Produccion_2026!B23 -> 235 | K15: =HLOOKUP($B$3,Stock_Real2!$B$1:$BC$42,19,FALSE) -> 235 | L15: =+K15-J15 -> 0
A16: Papaya Jugo Cubitos 460gr | B16: =HLOOKUP(B5,Datos2,19,FALSE) -> 0 | C16: =HLOOKUP(C5,Datos2,19,FALSE) -> 0 | D16: =HLOOKUP(D5,Datos2,19,FALSE) -> 0 | E16: =HLOOKUP(E5,Datos2,19,FALSE) -> 0 | F16: =HLOOKUP(F5,Datos2,19,FALSE) -> 0 | G16: =HLOOKUP(G5,Datos2,19,FALSE) -> 0 | H16: =HLOOKUP(H5,Datos2,19,FALSE) -> 0 | I16: =SUM(B16:H16) -> 0 | J16: =SUMIFS(Produccion_2026!B24:NE24,Fechas2,">="&$A$4,Fechas2,"<="&$H$5)-SUMIFS(Ventas_Des2!C20:BC20,SemanasVentas2,">=1",SemanasVentas2,"<="&$B$3)+Produccion_2026!B24 -> 124 | K16: =HLOOKUP($B$3,Stock_Real2!$B$1:$BC$42,20,FALSE) -> 124 | L16: =+K16-J16 -> 0
A17: Mermelada 825gr | B17: =HLOOKUP(B5,Datos2,22,FALSE) -> 0 | C17: =HLOOKUP(C5,Datos2,22,FALSE) -> 0 | D17: =HLOOKUP(D5,Datos2,22,FALSE) -> 0 | E17: =HLOOKUP(E5,Datos2,22,FALSE) -> 0 | F17: =HLOOKUP(F5,Datos2,22,FALSE) -> 0 | G17: =HLOOKUP(G5,Datos2,22,FALSE) -> 0 | H17: =HLOOKUP(H5,Datos2,22,FALSE) -> 0 | I17: =SUM(B17:H17) -> 0 | J17: =SUMIFS(Produccion_2026!B27:NE27,Fechas2,">="&$A$4,Fechas2,"<="&$H$5)-SUMIFS(Ventas_Des2!C23:BC23,SemanasVentas2,">=1",SemanasVentas2,"<="&$B$3)+Produccion_2026!B27 -> 561 | K17: =HLOOKUP($B$3,Stock_Real2!$B$1:$BC$42,23,FALSE) -> 561 | L17: =+K17-J17 -> 0
A18: Mermelada 440gr | B18: =HLOOKUP(B5,Datos2,23,FALSE) -> 0 | C18: =HLOOKUP(C5,Datos2,23,FALSE) -> 0 | D18: =HLOOKUP(D5,Datos2,23,FALSE) -> 0 | E18: =HLOOKUP(E5,Datos2,23,FALSE) -> 0 | F18: =HLOOKUP(F5,Datos2,23,FALSE) -> 0 | G18: =HLOOKUP(G5,Datos2,23,FALSE) -> 0 | H18: =HLOOKUP(H5,Datos2,23,FALSE) -> 0 | I18: =SUM(B18:H18) -> 0 | J18: =SUMIFS(Produccion_2026!B28:NE28,Fechas2,">="&$A$4,Fechas2,"<="&$H$5)-SUMIFS(Ventas_Des2!C24:BC24,SemanasVentas2,">=1",SemanasVentas2,"<="&$B$3)+Produccion_2026!B28 -> 946 | K18: =HLOOKUP($B$3,Stock_Real2!$B$1:$BC$42,24,FALSE) -> 946 | L18: =+K18-J18 -> 0
A19: Papaya Congelada Partida (Kg) | B19: =HLOOKUP(B5,Datos2,25,FALSE) -> 265 | C19: =HLOOKUP(C5,Datos2,25,FALSE) -> 82 | D19: =HLOOKUP(D5,Datos2,25,FALSE) -> 223 | E19: =HLOOKUP(E5,Datos2,25,FALSE) -> 181 | F19: =HLOOKUP(F5,Datos2,25,FALSE) -> 0 | G19: =HLOOKUP(G5,Datos2,25,FALSE) -> 0 | H19: =HLOOKUP(H5,Datos2,25,FALSE) -> 0 | I19: =SUM(B19:H19) -> 751 | J19: =SUMIFS(Produccion_2026!B30:NE30,Fechas2,">="&$A$4,Fechas2,"<="&$H$5)-SUMIFS(Ventas_Des2!C26:BC26,SemanasVentas2,">=1",SemanasVentas2,"<="&$B$3)+Produccion_2026!B30 -> 1541 | K19: =HLOOKUP($B$3,Stock_Real2!$B$1:$BC$42,26,FALSE) -> 1541 | L19: =+K19-J19 -> 0
A20: Papaya Congelada Cubos (Kg) | B20: =HLOOKUP(B5,Datos2,28,FALSE) -> 0 | C20: =HLOOKUP(C5,Datos2,28,FALSE) -> 0 | D20: =HLOOKUP(D5,Datos2,28,FALSE) -> 0 | E20: =HLOOKUP(E5,Datos2,28,FALSE) -> 0 | F20: =HLOOKUP(F5,Datos2,28,FALSE) -> 0 | G20: =HLOOKUP(G5,Datos2,28,FALSE) -> 0 | H20: =HLOOKUP(H5,Datos2,28,FALSE) -> 0 | I20: =SUM(B20:H20) -> 0 | J20: =SUMIFS(Produccion_2026!B33:NE33,Fechas2,">="&$A$4,Fechas2,"<="&$H$5)-SUMIFS(Ventas_Des2!C29:BC29,SemanasVentas2,">=1",SemanasVentas2,"<="&$B$3)+Produccion_2026!B33 -> 0 | K20: =HLOOKUP($B$3,Stock_Real2!$B$1:$BC$42,29,FALSE) -> 0 | L20: =+K20-J20 -> 0
A21: papaya confitada 280 grs | B21: =HLOOKUP(B5,Datos2,31,FALSE) -> 20 | C21: =HLOOKUP(C5,Datos2,31,FALSE) -> 60 | D21: =HLOOKUP(D5,Datos2,31,FALSE) -> 0 | E21: =HLOOKUP(E5,Datos2,31,FALSE) -> 0 | F21: =HLOOKUP(F5,Datos2,31,FALSE) -> 45 | G21: =HLOOKUP(G5,Datos2,31,FALSE) -> 0 | H21: =HLOOKUP(H5,Datos2,31,FALSE) -> 0 | I21: =SUM(B21:H21) -> 125 | J21: =SUMIFS(Produccion_2026!B36:NE36,Fechas2,">="&$A$4,Fechas2,"<="&$H$5)-SUMIFS(Ventas_Des2!C32:BC32,SemanasVentas2,">=1",SemanasVentas2,"<="&$B$3)+Produccion_2026!B36 -> 0 | K21: =HLOOKUP($B$3,Stock_Real2!$B$1:$BC$42,32,FALSE) -> 0 | L21: =+K21-J21 -> 0
A22: papayas trozos confitado 200 grs | B22: =HLOOKUP(B5,Datos2,32,FALSE) -> 40 | C22: =HLOOKUP(C5,Datos2,32,FALSE) -> 0 | D22: =HLOOKUP(D5,Datos2,32,FALSE) -> 0 | E22: =HLOOKUP(E5,Datos2,32,FALSE) -> 0 | F22: =HLOOKUP(F5,Datos2,32,FALSE) -> 15 | G22: =HLOOKUP(G5,Datos2,32,FALSE) -> 0 | H22: =HLOOKUP(H5,Datos2,32,FALSE) -> 0 | I22: =SUM(B22:H22) -> 55 | J22: =SUMIFS(Produccion_2026!B37:NE37,Fechas2,">="&$A$4,Fechas2,"<="&$H$5)-SUMIFS(Ventas_Des2!C33:BC33,SemanasVentas2,">=1",SemanasVentas2,"<="&$B$3)+Produccion_2026!B37 -> 0 | K22: =HLOOKUP($B$3,Stock_Real2!$B$1:$BC$42,33,FALSE) -> 0 | L22: =+K22-J22 -> 0
A23: Jarabe Papaya 500 cc | B23: =HLOOKUP(B5,Datos2,30,FALSE) -> 0 | C23: =HLOOKUP(C5,Datos2,30,FALSE) -> 0 | D23: =HLOOKUP(D5,Datos2,30,FALSE) -> 0 | E23: =HLOOKUP(E5,Datos2,30,FALSE) -> 385 | F23: =HLOOKUP(F5,Datos2,30,FALSE) -> 0 | G23: =HLOOKUP(G5,Datos2,30,FALSE) -> 0 | H23: =HLOOKUP(H5,Datos2,30,FALSE) -> 0 | I23: =SUM(B23:H23) -> 385 | J23: =SUMIFS(Produccion_2026!B35:NE35,Fechas2,">="&$A$4,Fechas2,"<="&$H$5)-SUMIFS(Ventas_Des2!C31:BC31,SemanasVentas2,">=1",SemanasVentas2,"<="&$B$3)+Produccion_2026!B35 -> 1892 | K23: =HLOOKUP($B$3,Stock_Real2!$B$1:$BC$42,31,FALSE) -> 1892 | L23: =+K23-J23 -> 0
A26: Mes a Consultar | B26: 5 | C26: =VLOOKUP(B26,Meses,2,FALSE) -> Mayo
B27: =VLOOKUP(B26,Meses5,3,FALSE) -> 46143 | C27: =VLOOKUP(B26,Meses5,4,FALSE) -> 46173
A28: Fábrica Papaya | C28: =SUMIFS(Produccion!B4:NI4,Fechas,">="&Semanal2!$B$27,Fechas,"<="&Semanal2!$C$27)+365 -> 365
A29: Materia Prima Elaborada | B29: Kgs | C29: =SUMIFS(Produccion_2026!B9:NE9,Fechas2,">="&Semanal2!$B$27,Fechas2,"<="&Semanal2!$C$27) -> 5107
A30: Venta por Calibre | B30: Kgs | C30: =SUMIFS(Produccion_2026!B11:NE11,Fechas2,">="&Semanal2!$B$27,Fechas2,"<="&Semanal2!$C$27) -> 0
A31: Venta por Calibre | B31: % | C31: =C30/C28 -> 0
A32: Descarte | B32: Kgs | C32: =SUMIFS(Produccion_2026!B10:NE10,Fechas2,">="&Semanal2!$B$27,Fechas2,"<="&Semanal2!$C$27) -> 48
A33: Descarte | B33: % | C33: =IFERROR(C32/C29,0) -> 0.0093988643
A34: Producción Nectar 300cc | B34: Und | C34: =SUMIFS(Produccion_2026!B15:NE15,Fechas2,">="&Semanal2!$B$27,Fechas2,"<="&Semanal2!$C$27) -> 5860
A35: Producción Nectar Light 300cc | B35: Und | C35: =SUMIFS(Produccion_2026!B16:NE16,Fechas2,">="&Semanal2!$B$27,Fechas2,"<="&Semanal2!$C$27) -> 3984
A36: produccion nectar 1 lt | B36: Und | C36: =SUMIFS(Produccion_2026!B17:NE17,Fechas2,">="&Semanal2!$B$27,Fechas2,"<="&Semanal2!$C$27) -> 3112
A37: Producción Nectar Light 1 lt | B37: Und | C37: =SUMIFS(Produccion_2026!B18:NE18,Fechas2,">="&Semanal2!$B$27,Fechas2,"<="&Semanal2!$C$27) -> 838
A38: Producción Papaya Jugo 1 Kg | B38: Und | C38: =SUMIFS(Produccion_2026!B21:NE21,Fechas2,">="&Semanal2!$B$27,Fechas2,"<="&Semanal2!$C$27) -> 1033
A39: Producción Papaya Jugo 0,46 Kg | B39: Und | C39: =SUMIFS(Produccion_2026!B22:NE22,Fechas2,">="&Semanal2!$B$27,Fechas2,"<="&Semanal2!$C$27) -> 102
A40: Produccion Papaya Jugo cubitos 150gr | B40: Und | C40: =SUMIFS(Produccion_2026!B23:NE23,Fechas2,">="&Semanal2!$B$27,Fechas2,"<="&Semanal2!$C$27) -> 444
A41: Produccion Papaya Jugo cubitos 460gr | B41: Und | C41: =SUMIFS(Produccion_2026!B24:NE24,Fechas2,">="&Semanal2!$B$27,Fechas2,"<="&Semanal2!$C$27) -> 262
A42: Producción Mermelada 825gr. | B42: Und | C42: =SUMIFS(Produccion_2026!B27:NE27,Fechas2,">="&Semanal2!$B$27,Fechas2,"<="&Semanal2!$C$27) -> 383
A43: Producción Mermelada 500gr. | B43: Und | C43: 0
A44: Producción Mermelada 440gr. | B44: Und | C44: =SUMIFS(Produccion_2026!B28:NE28,Fechas2,">="&Semanal2!$B$27,Fechas2,"<="&Semanal2!$C$27) -> 696
A45: Producción Papaya Elab. Congelada | B45: Kgs | C45: =SUMIFS(Produccion_2026!B30:NE30,Fechas2,">="&Semanal2!$B$27,Fechas2,"<="&Semanal2!$C$27)+SUMIFS(Produccion_2026!B33:NE33,Fechas2,">="&Semanal2!$B$27,Fechas2,"<="&Semanal2!$C$27) -> 856
A46: Costo Directo Papaya Elaborada (12 meses) | B46: $/Kg
A47: Costo Total Papaya Elaborada (12 meses) | B47: $/Kg
B1012: 3
B1252: 0

Sheet Semanal
A3: Semana a Consultar | B3: 53
A4: 43466
A5: Fábrica Papayas | B5: =VLOOKUP(B3,Semana21,2,FALSE) -> 44557 | C5: =+B5+1 -> 44558 | D5: =+C5+1 -> 44559 | E5: =+D5+1 -> 44560 | F5: =+E5+1 -> 44561 | G5: =+F5+1 -> 44562 | H5: =VLOOKUP(B3,Semana21,3,FALSE) -> 44563 | I5: Suma Semana | J5: Stock Teorico | K5: Stock Real | L5: Diferencia
A6: Materia Prima Elaborada (Kgs) | B6: =HLOOKUP(B5,Datos,4,FALSE) -> 369 | C6: =HLOOKUP(C5,Datos,4,FALSE) -> 853 | D6: =HLOOKUP(D5,Datos,4,FALSE) -> 682 | E6: =HLOOKUP(E5,Datos,4,FALSE) -> 1243 | F6: =HLOOKUP(F5,Datos,4,FALSE) -> 495 | G6: =HLOOKUP(G5,Datos,4,FALSE) -> 0 | H6: =HLOOKUP(H5,Datos,4,FALSE) -> 0 | I6: =SUM(B6:H6) -> 3642 | J6: =SUMIFS(Produccion!$B$4:$NI$4,Fechas,">="&Semanal!A4,Fechas,"<="&Semanal!H5)-SUMIFS(Produccion!$B$5:$NI$5,Fechas,">="&Semanal!A4,Fechas,"<="&Semanal!H5)-SUMIFS(Produccion!$B$6:$NI$6,Fechas,">="&Semanal!A4,Fechas,"<="&Semanal!H5)-SUMIFS(Produccion!$B$7:$NI$7,Fechas,">="&Semanal!A4,Fechas,"<="&Semanal!H5) -> 1027 | K6: =HLOOKUP($B$3,Stock_Real!$B$1:$BC$42,3,FALSE) -> 1029 | L6: =+K6-J6 -> 2
A7: Producción
A8: Nectar 250cc | B8: =HLOOKUP($B$5,Datos,10,FALSE) -> 1883 | C8: =HLOOKUP($C$5,Datos,10,FALSE) -> 0 | D8: 0 | E8: =HLOOKUP(E5,Datos,10,FALSE) -> 553 | F8: =HLOOKUP(F5,Datos,10,FALSE) -> 0 | G8: =HLOOKUP(G5,Datos,10,FALSE) -> 0 | H8: =HLOOKUP(H5,Datos,10,FALSE) -> 0 | I8: =SUM(B8:H8) -> 2436 | J8: =SUMIFS(Produccion!B11:NI11,Fechas,">="&$A$4,Fechas,"<="&$H$5)-SUMIFS(Ventas_Des!C11:BC11,SemanasVentas,">=1",SemanasVentas,"<="&$B$3) -> 3080 | K8: =HLOOKUP($B$3,Stock_Real!$B$1:$BC$42,11,FALSE) -> 3080 | L8: =+K8-J8 -> 0
A9: Nectar 250cc Light | B9: =HLOOKUP($B$5,Datos,11,FALSE) -> 0 | C9: =HLOOKUP($C$5,Datos,11,FALSE) -> 0 | D9: 0 | E9: =HLOOKUP($C$5,Datos,11,FALSE) -> 0 | F9: =HLOOKUP($C$5,Datos,11,FALSE) -> 0 | G9: =HLOOKUP($C$5,Datos,11,FALSE) -> 0 | H9: 0 | I9: =SUM(B9:H9) -> 0 | J9: =SUMIFS(Produccion!B12:NI12,Fechas,">="&$A$4,Fechas,"<="&$H$5)-SUMIFS(Ventas_Des!C12:BC12,SemanasVentas,">=1",SemanasVentas,"<="&$B$3) -> 1728 | K9: =HLOOKUP($B$3,Stock_Real!$B$1:$BC$42,12,FALSE) -> 1728 | L9: =+K9-J9 -> 0
A10: Nectar 1 lt | B10: =HLOOKUP(B5,Datos,12,FALSE) -> 855 | C10: =HLOOKUP(C5,Datos,12,FALSE) -> 0 | D10: =HLOOKUP(D5,Datos,12,FALSE) -> 0 | E10: =HLOOKUP(E5,Datos,12,FALSE) -> 133 | F10: =HLOOKUP(F5,Datos,12,FALSE) -> 0 | G10: =HLOOKUP(G5,Datos,12,FALSE) -> 0 | H10: =HLOOKUP(H5,Datos,12,FALSE) -> 0 | I10: =SUM(B10:H10) -> 988 | J10: =SUMIFS(Produccion!B13:NI13,Fechas,">="&$A$4,Fechas,"<="&$H$5)-SUMIFS(Ventas_Des!C13:BC13,SemanasVentas,">=1",SemanasVentas,"<="&$B$3) -> 2034 | K10: =HLOOKUP($B$3,Stock_Real!$B$1:$BC$42,13,FALSE) -> 2034 | L10: =+K10-J10 -> 0
A11: Nectar 1 lt Light | B11: =HLOOKUP($B$5,Datos,13,FALSE) -> 0 | C11: =HLOOKUP($C$5,Datos,13,FALSE) -> 193 | D11: =HLOOKUP(D5,Datos,13,FALSE) -> 124 | E11: =HLOOKUP(E5,Datos,13,FALSE) -> 0 | F11: 0 | G11: =HLOOKUP(G5,Datos,13,FALSE) -> 0 | H11: =HLOOKUP(H5,Datos,13,FALSE) -> 0 | I11: =SUM(B11:H11) -> 317 | J11: =SUMIFS(Produccion!B14:NI14,Fechas,">="&$A$4,Fechas,"<="&$H$5)-SUMIFS(Ventas_Des!C14:BC14,SemanasVentas,">=1",SemanasVentas,"<="&$B$3) -> 534 | K11: =HLOOKUP($B$3,Stock_Real!$B$1:$BC$42,14,FALSE) -> 534 | L11: =+K11-J11 -> 0
A12: Papaya Jugo 1 Kg | B12: =HLOOKUP($B$5,Datos,16,FALSE) -> 0 | C12: =HLOOKUP(C5,Datos,16,FALSE) -> 270 | D12: =HLOOKUP(D5,Datos,16,FALSE) -> 0 | E12: =HLOOKUP(E5,Datos,16,FALSE) -> 471 | F12: =HLOOKUP(F5,Datos,16,FALSE) -> 0 | G12: =HLOOKUP(G5,Datos,16,FALSE) -> 0 | H12: =HLOOKUP(H5,Datos,16,FALSE) -> 0 | I12: =SUM(B12:H12) -> 741 | J12: =SUMIFS(Produccion!B17:NI17,Fechas,">="&$A$4,Fechas,"<="&$H$5)-SUMIFS(Ventas_Des!C17:BC17,SemanasVentas,">=1",SemanasVentas,"<="&$B$3) -> 332 | K12: =HLOOKUP($B$3,Stock_Real!$B$1:$BC$42,17,FALSE) -> 332 | L12: =+K12-J12 -> 0
A13: Papaya Jugo 460 grs | B13: =HLOOKUP($B$5,Datos,17,FALSE) -> 0 | C13: =HLOOKUP(C5,Datos,17,FALSE) -> 96 | D13: =HLOOKUP(D5,Datos,17,FALSE) -> 0 | E13: =HLOOKUP(E5,Datos,17,FALSE) -> 87 | F13: =HLOOKUP(F5,Datos,17,FALSE) -> 0 | G13: =HLOOKUP(G5,Datos,17,FALSE) -> 0 | H13: =HLOOKUP(H5,Datos,17,FALSE) -> 0 | I13: =SUM(B13:H13) -> 183 | J13: =SUMIFS(Produccion!B18:NI18,Fechas,">="&$A$4,Fechas,"<="&$H$5)-SUMIFS(Ventas_Des!C18:BC18,SemanasVentas,">=1",SemanasVentas,"<="&$B$3) -> 85 | K13: =HLOOKUP($B$3,Stock_Real!$B$1:$BC$42,18,FALSE) -> 85 | L13: =+K13-J13 -> 0
A14: Papaya Jugo Cubitos 150gr | B14: =HLOOKUP($B$5,Datos,18,FALSE) -> 0 | C14: =HLOOKUP(C5,Datos,18,FALSE) -> 0 | D14: =HLOOKUP(D5,Datos,18,FALSE) -> 0 | E14: =HLOOKUP(E5,Datos,18,FALSE) -> 0 | F14: =HLOOKUP(F5,Datos,18,FALSE) -> 0 | G14: =HLOOKUP(G5,Datos,18,FALSE) -> 0 | H14: =HLOOKUP(H5,Datos,18,FALSE) -> 0 | I14: =SUM(B14:H14) -> 0 | J14: =SUMIFS(Produccion!B19:NI19,Fechas,">="&$A$4,Fechas,"<="&$H$5)-SUMIFS(Ventas_Des!C19:BC19,SemanasVentas,">=1",SemanasVentas,"<="&$B$3) -> 1259 | K14: =HLOOKUP($B$3,Stock_Real!$B$1:$BC$42,19,FALSE) -> 1259 | L14: =+K14-J14 -> 0
A15: Papaya Jugo Cubitos 460gr | B15: =HLOOKUP(B5,Datos,19,FALSE) -> 0 | C15: =HLOOKUP(C5,Datos,19,FALSE) -> 0 | D15: =HLOOKUP(D5,Datos,19,FALSE) -> 0 | E15: =HLOOKUP(E5,Datos,19,FALSE) -> 0 | F15: =HLOOKUP(F5,Datos,19,FALSE) -> 0 | G15: =HLOOKUP(G5,Datos,19,FALSE) -> 0 | H15: =HLOOKUP(H5,Datos,19,FALSE) -> 0 | I15: =SUM(B15:H15) -> 0 | J15: =SUMIFS(Produccion!B20:NI20,Fechas,">="&$A$4,Fechas,"<="&$H$5)-SUMIFS(Ventas_Des!C20:BC20,SemanasVentas,">=1",SemanasVentas,"<="&$B$3) -> 296 | K15: =HLOOKUP($B$3,Stock_Real!$B$1:$BC$42,20,FALSE) -> 296 | L15: =+K15-J15 -> 0
A16: Mermelada 1 kg | B16: =HLOOKUP(B5,Datos,22,FALSE) -> 0 | C16: =HLOOKUP(C5,Datos,22,FALSE) -> 316 | D16: =HLOOKUP(D5,Datos,22,FALSE) -> 0 | E16: =HLOOKUP(E5,Datos,22,FALSE) -> 0 | F16: =HLOOKUP(F5,Datos,22,FALSE) -> 0 | G16: =HLOOKUP(G5,Datos,22,FALSE) | H16: =HLOOKUP(H5,Datos,22,FALSE) -> 0 | I16: =SUM(B16:H16) -> 316 | J16: =SUMIFS(Produccion!B23:NI23,Fechas,">="&$A$4,Fechas,"<="&$H$5)-SUMIFS(Ventas_Des!C23:BC23,SemanasVentas,">=1",SemanasVentas,"<="&$B$3) -> 321 | K16: =HLOOKUP($B$3,Stock_Real!$B$1:$BC$42,23,FALSE) -> 321 | L16: =+K16-J16 -> 0
A17: Mermelada 340 grs | B17: =HLOOKUP($B$5,Datos,23,FALSE) -> 0 | C17: =HLOOKUP(C5,Datos,23,FALSE) -> 0 | D17: =HLOOKUP(D5,Datos,23,FALSE) -> 599 | E17: =HLOOKUP(E5,Datos,23,FALSE) -> 0 | F17: =HLOOKUP(F5,Datos,23,FALSE) -> 0 | G17: =HLOOKUP(G5,Datos,23,FALSE) -> 0 | H17: =HLOOKUP(H5,Datos,23,FALSE) -> 0 | I17: =SUM(B17:H17) -> 599 | J17: =SUMIFS(Produccion!B24:NI24,Fechas,">="&$A$4,Fechas,"<="&$H$5)-SUMIFS(Ventas_Des!C24:BC24,SemanasVentas,">=1",SemanasVentas,"<="&$B$3) -> 635 | K17: =HLOOKUP($B$3,Stock_Real!$B$1:$BC$42,24,FALSE) -> 635 | L17: =+K17-J17 -> 0
A18: Papaya Congelada Partida (Kg) | B18: =HLOOKUP($B$5,Datos,25,FALSE) -> 143 | C18: =HLOOKUP(C5,Datos,25,FALSE) -> 133 | D18: =HLOOKUP(D5,Datos,25,FALSE) -> 234 | E18: =HLOOKUP(E5,Datos,25,FALSE) -> 157 | F18: =HLOOKUP(F5,Datos,25,FALSE) -> 220 | G18: =HLOOKUP(G5,Datos,25,FALSE) -> 0 | H18: =HLOOKUP(H5,Datos,25,FALSE) -> 0 | I18: =SUM(B18:H18) -> 887 | J18: =SUMIFS(Produccion!B26:NI26,Fechas,">="&$A$4,Fechas,"<="&$H$5)-SUMIFS(Ventas_Des!C26:BC26,SemanasVentas,">=1",SemanasVentas,"<="&$B$3) -> 8107 | K18: =HLOOKUP($B$3,Stock_Real!$B$1:$BC$42,26,FALSE) -> 8107 | L18: =+K18-J18 -> 0
A19: Papaya Congelada Cubos (Kg) | B19: =HLOOKUP($B$5,Datos,28,FALSE) -> 0 | C19: =HLOOKUP(C5,Datos,28,FALSE) -> 0 | D19: =HLOOKUP(D5,Datos,28,FALSE) -> 0 | E19: =HLOOKUP(E5,Datos,28,FALSE) -> 0 | F19: =HLOOKUP(F5,Datos,28,FALSE) -> 0 | G19: =HLOOKUP(G5,Datos,28,FALSE) -> 0 | H19: =HLOOKUP(H5,Datos,28,FALSE) -> 0 | I19: =SUM(B19:H19) -> 0 | J19: =SUMIFS(Produccion!B29:NI29,Fechas,">="&$A$4,Fechas,"<="&$H$5)-SUMIFS(Ventas_Des!C29:BC29,SemanasVentas,">=1",SemanasVentas,"<="&$B$3) -> 0 | K19: =HLOOKUP($B$3,Stock_Real!$B$1:$BC$42,29,FALSE) -> 0 | L19: =+K19-J19 -> 0
A20: papaya confitada 280 grs | B20: =HLOOKUP($B$5,Datos,31,FALSE) -> 0 | C20: =HLOOKUP($C$5,Datos,31,FALSE) -> 0 | D20: =HLOOKUP($D$5,Datos,31,FALSE) -> 62 | E20: =HLOOKUP(E5,Datos,31,FALSE) -> 0 | F20: =HLOOKUP(F5,Datos,31,FALSE) -> 0 | G20: =HLOOKUP(G5,Datos,31,FALSE) -> 0 | H20: =HLOOKUP(H5,Datos,31,FALSE) -> 0 | I20: =SUM(B20:H20) -> 62 | J20: 0 | K20: =HLOOKUP($B$3,Stock_Real!$B$1:$BC$42,32,FALSE) -> 0 | L20: =+K20-J20 -> 0
A21: papayas trozos confitado 200 grs | B21: =HLOOKUP($B$5,Datos,32,FALSE) -> 0 | C21: =HLOOKUP($C$5,Datos,32,FALSE) -> 0 | D21: =HLOOKUP(D5,Datos,32,FALSE) -> 9 | E21: =HLOOKUP(E5,Datos,32,FALSE) -> 0 | F21: =HLOOKUP(F5,Datos,32,FALSE) -> 0 | G21: =HLOOKUP(G5,Datos,32,FALSE) -> 0 | H21: =HLOOKUP(H5,Datos,32,FALSE) -> 0 | I21: =SUM(B21:H21) -> 9 | J21: 0 | K21: =HLOOKUP($B$3,Stock_Real!$B$1:$BC$42,33,FALSE) -> 0 | L21: =+K21-J21 -> 0
A22: Jarabe Papaya 500 cc | B22: =HLOOKUP($B$5,Datos,30,FALSE) -> 0 | C22: =HLOOKUP(C5,Datos,30,FALSE) -> 0 | D22: =HLOOKUP(D5,Datos,30,FALSE) -> 0 | E22: =HLOOKUP(E5,Datos,30,FALSE) -> 0 | F22: =HLOOKUP(F5,Datos,30,FALSE) -> 0 | G22: =HLOOKUP(G5,Datos,30,FALSE) -> 0 | H22: =HLOOKUP(H5,Datos,30,FALSE) -> 0 | I22: =SUM(B22:H22) -> 0 | J22: =SUMIFS(Produccion!B31:NI31,Fechas,">="&$A$4,Fechas,"<="&$H$5)-SUMIFS(Ventas_Des!C31:BC31,SemanasVentas,">=1",SemanasVentas,"<="&$B$3) -> 0 | K22: =HLOOKUP($B$3,Stock_Real!$B$1:$BC$42,31,FALSE) -> 0 | L22: =+K22-J22 -> 0
A23: =HLOOKUP(E5,Datos,28,FALSE) -> 0
A25: Mes a Consultar | B25: 12 | C25: =VLOOKUP(B25,Meses,2,FALSE) -> Diciembre
B26: =VLOOKUP(B25,Meses,3,FALSE) -> 44531 | C26: =VLOOKUP(B25,Meses,4,FALSE) -> 44561
A27: Fábrica Papaya | C27: =SUMIFS(Produccion!B4:NI4,Fechas,">="&Semanal!$B$26,Fechas,"<="&Semanal!$C$26)+365 -> 15747
A28: Materia Prima Elaborada | B28: Kgs | C28: =SUMIFS(Produccion!B5:NI5,Fechas,">="&Semanal!$B$26,Fechas,"<="&Semanal!$C$26) -> 15226
A29: Venta por Calibre | B29: Kgs | C29: =SUMIFS(Produccion!B7:NI7,Fechas,">="&Semanal!$B$26,Fechas,"<="&Semanal!$C$26) -> 910
A30: Venta por Calibre | B30: % | C30: =C29/C27 -> 0.057788785
A31: Descarte | B31: Kgs | C31: =SUMIFS(Produccion!B6:NI6,Fechas,">="&Semanal!$B$26,Fechas,"<="&Semanal!$C$26) -> 127
A32: Descarte | B32: % | C32: =C31/C27 -> 0.0080650283
A33: Producción Nectar 250cc | B33: Und | C33: =SUMIFS(Produccion!B11:NI11,Fechas,">="&Semanal!$B$26,Fechas,"<="&Semanal!$C$26) -> 10130
A34: Producción Nectar Light 250cc | B34: Und | C34: =SUMIFS(Produccion!B12:NI12,Fechas,">="&Semanal!$B$26,Fechas,"<="&Semanal!$C$26) -> 3037
A35: produccion nectar 1 lt | B35: Und | C35: =SUMIFS(Produccion!B13:NI13,Fechas,">="&Semanal!$B$26,Fechas,"<="&Semanal!$C$26) -> 7183
A36: Producción Nectar Light 1 lt | B36: Und | C36: =SUMIFS(Produccion!B14:NI14,Fechas,">="&Semanal!$B$26,Fechas,"<="&Semanal!$C$26) -> 1944
A37: Producción Papaya Jugo 1 Kg | B37: Und | C37: =SUMIFS(Produccion!B17:NI17,Fechas,">="&Semanal!$B$26,Fechas,"<="&Semanal!$C$26) -> 2642
A38: Producción Papaya Jugo 0,46 Kg | B38: Und | C38: =SUMIFS(Produccion!B18:NI18,Fechas,">="&Semanal!$B$26,Fechas,"<="&Semanal!$C$26) -> 671
A39: Produccion Papaya Jugo cubitos 150gr | B39: Und | C39: =SUMIFS(Produccion!B19:NI19,Fechas,">="&Semanal!$B$26,Fechas,"<="&Semanal!$C$26) -> 1782
A40: Produccion Papaya Jugo cubitos 460gr | B40: Und | C40: =SUMIFS(Produccion!B20:NI20,Fechas,">="&Semanal!$B$26,Fechas,"<="&Semanal!$C$26) -> 611
A41: Producción Mermelada 1 kl. | B41: Und | C41: =SUMIFS(Produccion!B23:NI23,Fechas,">="&Semanal!$B$26,Fechas,"<="&Semanal!$C$26) -> 321
A42: Producción Mermelada 500 grs. | B42: Und | C42: 0
A43: Producción Mermelada 340 grs. | B43: Und | C43: =SUMIFS(Produccion!B24:NI24,Fechas,">="&Semanal!$B$26,Fechas,"<="&Semanal!$C$26) -> 705
A44: Producción Papaya Elab. Congelada | B44: Kgs | C44: =SUMIFS(Produccion!B26:NI26,Fechas,">="&Semanal!$B$26,Fechas,"<="&Semanal!$C$26)+SUMIFS(Produccion!B29:NI29,Fechas,">="&Semanal!$B$26,Fechas,"<="&Semanal!$C$26) -> 4084
A45: Costo Directo Papaya Elaborada (12 meses) | B45: $/Kg
A46: Costo Total Papaya Elaborada (12 meses) | B46: $/Kg
B1011: 3
B1251: 0

Sheet Hoja2
A1: Resultados | E1: Produccion | H1: 387
B2: Desde | C2: Hasta | E2: (que se hizo con la fruta) | G2: Fruta
A3: Fechas de Corte | B3: 44197 | C3: 44377 | E3: Papaya Directa | F3: =+B8 -> #VALUE!
E4: Papaya Congelada | F4: =+B13+B19+B25+B31 -> #VALUE!
D5: 0.085 | E5: Nectar 250cc | F5: =+B15 -> #VALUE! | G5: =+F5*D5 -> #VALUE! | H5: =IFERROR((G5/$B$10)*1,0) -> 0 | I5: =+H5*$H$1 -> 0 | J5: =+I5/F5 -> #VALUE! | K5: =+H5/$H$18 -> #DIV/0! | L5: =+K5*$B$6 -> #DIV/0! | M5: =+L5*$H$1 -> #DIV/0! | N5: =+M5/F5 -> #DIV/0!
A6: Kg Procesados | B6: =SUMIFS(Produccion!B5:NC5,Fechas,">="&$B$3,Fechas,"<="&$C$3) -> #VALUE! | C6: Kilos al Pelador | D6: 0.085 | E6: Nectar 250cc light | F6: =+B16 -> #VALUE! | G6: =+F6*D6 -> #VALUE! | H6: =IFERROR((G6/$B$10)*1,0) -> 0 | I6: =+H6*$H$1 -> 0 | J6: =+I6/F6 -> #VALUE! | K6: =+H6/$H$18 -> #DIV/0! | L6: =+K6*$B$6 -> #DIV/0! | M6: =+L6*$H$1 -> #DIV/0! | N6: =+M6/F6 -> #DIV/0!
A7: Kg Producidos | B7: =+B8+B9 -> #VALUE! | C7: Kilos en la elaboracion de Productos | D7: 0.34 | E7: Nectar 1 lt | F7: =+B17 -> #VALUE! | G7: =+F7*D7 -> #VALUE! | H7: =IFERROR((G7/$B$10)*1,0) -> 0 | I7: =+H7*$H$1 -> 0 | J7: =+I7/F7 -> #VALUE! | K7: =+H7/$H$18 -> #DIV/0! | L7: =+K7*$B$6 -> #DIV/0! | M7: =+L7*$H$1 -> #DIV/0! | N7: =+M7/F7 -> #DIV/0!
A8: Papaya Directa | B8: =+B14+B20+B26+B32+B34 -> #VALUE! | D8: 0.34 | E8: Nectar 1 lt ligth | F8: =+B18 -> #VALUE! | G8: =+F8*D8 -> #VALUE! | H8: =IFERROR((G8/$B$10)*1,0) -> 0 | I8: =+H8*$H$1 -> 0 | J8: =+I8/F8 -> #VALUE! | K8: =+H8/$H$18 -> #DIV/0! | L8: =+K8*$B$6 -> #DIV/0! | M8: =+L8*$H$1 -> #DIV/0! | N8: =+M8/F8 -> #DIV/0!
A9: Papaya Congelada | B9: =SUMIFS(Produccion!B26:NC26,Fechas,">="&$B$3,Fechas,"<="&$C$3) -> #VALUE! | D9: 0.5 | E9: Papaya Jugo 1 Kg | F9: =+B21 -> #VALUE! | G9: =+F9*D9 -> #VALUE! | H9: =IFERROR((G9/$B$10)*1,0) -> 0 | I9: =+H9*$H$1 -> 0 | J9: =+I9/F9 -> #VALUE! | K9: =+H9/$H$18 -> #DIV/0! | L9: =+K9*$B$6 -> #DIV/0! | M9: =+L9*$H$1 -> #DIV/0! | N9: =+M9/F9 -> #DIV/0!
A10: % Rendimiento | B10: =+B7/B6 -> #VALUE! | D10: 0.23 | E10: Papaya Jugo 460 grs | F10: =+B22 -> #VALUE! | G10: =+F10*D10 -> #VALUE! | H10: =IFERROR((G10/$B$10)*1,0) -> 0 | I10: =+H10*$H$1 -> 0 | J10: =+I10/F10 -> #VALUE! | K10: =+H10/$H$18 -> #DIV/0! | L10: =+K10*$B$6 -> #DIV/0! | M10: =+L10*$H$1 -> #DIV/0! | N10: =+M10/F10 -> #DIV/0!
D11: 0.075 | E11: Papaya Jugo Cubitos 150gr | F11: =+B23 -> #VALUE! | G11: =+F11*D11 -> #VALUE! | H11: =IFERROR((G11/$B$10)*1,0) -> 0 | I11: =+H11*$H$1 -> 0 | J11: =+I11/F11 -> #VALUE! | K11: =+H11/$H$18 -> #DIV/0! | L11: =+K11*$B$6 -> #DIV/0! | M11: =+L11*$H$1 -> #DIV/0! | N11: =+M11/F11 -> #DIV/0!
A12: Elaboracion | D12: 0.23 | E12: Papaya Jugo Cubitos 460gr | F12: =+B24 -> #VALUE! | G12: =+F12*D12 -> #VALUE! | H12: =IFERROR((G12/$B$10)*1,0) -> 0 | I12: =+H12*$H$1 -> 0 | J12: =+I12/F12 -> #VALUE! | K12: =+H12/$H$18 -> #DIV/0! | L12: =+K12*$B$6 -> #DIV/0! | M12: =+L12*$H$1 -> #DIV/0! | N12: =+M12/F12 -> #DIV/0!
A13: Papaya congelada | B13: =SUMIFS(Produccion!B9:NC9,Fechas,">="&$B$3,Fechas,"<="&$C$3) -> #VALUE! | D13: 0.63 | E13: Mermelada 1 kg | F13: =+B27 -> #VALUE! | G13: =+F13*D13 -> #VALUE! | H13: =IFERROR((G13/$B$10)*1,0) -> 0 | I13: =+H13*$H$1 -> 0 | J13: =+I13/F13 -> #VALUE! | K13: =+H13/$H$18 -> #DIV/0! | L13: =+K13*$B$6 -> #DIV/0! | M13: =+L13*$H$1 -> #DIV/0! | N13: =+M13/F13 -> #DIV/0!
A14: Papaya directa | B14: =SUMIFS(Produccion!B10:NC10,Fechas,">="&$B$3,Fechas,"<="&$C$3) -> #VALUE! | D14: 0.22 | E14: Mermelada 340 | F14: =+B28 -> #VALUE! | G14: =+F14*D14 -> #VALUE! | H14: =IFERROR((G14/$B$10)*1,0) -> 0 | I14: =+H14*$H$1 -> 0 | J14: =+I14/F14 -> #VALUE! | K14: =+H14/$H$18 -> #DIV/0! | L14: =+K14*$B$6 -> #DIV/0! | M14: =+L14*$H$1 -> #DIV/0! | N14: =+M14/F14 -> #DIV/0!
A15: Nectar 250cc | B15: =SUMIFS(Produccion!B11:NC11,Fechas,">="&$B$3,Fechas,"<="&$C$3) -> #VALUE! | E15: Jarabe Papayas | F15: =+B35 -> #VALUE! | H15: =IFERROR((G15/$B$10)*1,0) -> 0 | I15: =+H15*$H$1 -> 0 | J15: =+I15/F15 -> #VALUE! | K15: =+H15/$H$18 -> #DIV/0! | L15: =+K15*$B$6 -> #DIV/0! | M15: =+L15*$H$1 -> #DIV/0! | N15: =+M15/F15 -> #DIV/0!
A16: Nectar 250cc light | B16: =SUMIFS(Produccion!B12:NC12,Fechas,">="&$B$3,Fechas,"<="&$C$3) -> #VALUE! | D16: 0.4 | E16: Papayas Confitadas (280g) | F16: =+B36 -> #VALUE! | G16: =+F16*D16 -> #VALUE! | H16: =IFERROR((G16/$B$10)*1,0) -> 0 | I16: =+H16*$H$1 -> 0 | J16: =+I16/F16 -> #VALUE! | K16: =+H16/$H$18 -> #DIV/0! | L16: =+K16*$B$6 -> #DIV/0! | M16: =+L16*$H$1 -> #DIV/0! | N16: =+M16/F16 -> #DIV/0!
A17: Nectar 1 lt | B17: =SUMIFS(Produccion!B13:NC13,Fechas,">="&$B$3,Fechas,"<="&$C$3) -> #VALUE! | D17: 0.286 | E17: Trozos Confitados (200g) | F17: =+B37 -> #VALUE! | G17: =+F17*D17 -> #VALUE! | H17: =IFERROR((G17/$B$10)*1,0) -> 0 | I17: =+H17*$H$1 -> 0 | J17: =+I17/F17 -> #VALUE! | K17: =+H17/$H$18 -> #DIV/0! | L17: =+K17*$B$6 -> #DIV/0! | M17: =+L17*$H$1 -> #DIV/0! | N17: =+M17/F17 -> #DIV/0!
A18: Nectar 1 lt ligth | B18: =SUMIFS(Produccion!B14:NC14,Fechas,">="&$B$3,Fechas,"<="&$C$3) -> #VALUE! | H18: =SUM(H5:H17) -> 0
A19: Papaya congelada | B19: =SUMIFS(Produccion!B15:NC15,Fechas,">="&$B$3,Fechas,"<="&$C$3) -> #VALUE!
A20: Papaya directa | B20: =SUMIFS(Produccion!B16:NC16,Fechas,">="&$B$3,Fechas,"<="&$C$3) -> #VALUE!
A21: Papaya Jugo 1 Kg | B21: =SUMIFS(Produccion!B17:NC17,Fechas,">="&$B$3,Fechas,"<="&$C$3) -> #VALUE!
A22: Papaya Jugo 460 grs | B22: =SUMIFS(Produccion!B18:NC18,Fechas,">="&$B$3,Fechas,"<="&$C$3) -> #VALUE!
A23: Papaya Jugo Cubitos 150gr | B23: =SUMIFS(Produccion!B19:NC19,Fechas,">="&$B$3,Fechas,"<="&$C$3) -> #VALUE!
A24: Papaya Jugo Cubitos 460gr | B24: =SUMIFS(Produccion!B20:NC20,Fechas,">="&$B$3,Fechas,"<="&$C$3) -> #VALUE!
A25: Papaya congelada | B25: =SUMIFS(Produccion!B21:NC21,Fechas,">="&$B$3,Fechas,"<="&$C$3) -> #VALUE!
A26: Papaya directa | B26: =SUMIFS(Produccion!B22:NC22,Fechas,">="&$B$3,Fechas,"<="&$C$3) -> #VALUE!
A27: Mermelada 1 kg | B27: =SUMIFS(Produccion!B23:NC23,Fechas,">="&$B$3,Fechas,"<="&$C$3) -> #VALUE!
A28: Mermelada 340 | B28: =SUMIFS(Produccion!B24:NC24,Fechas,">="&$B$3,Fechas,"<="&$C$3) -> #VALUE!
B29: =SUMIFS(Produccion!B25:NC25,Fechas,">="&$B$3,Fechas,"<="&$C$3) -> #VALUE!
A30: Papaya Congelada Partida (Kg) | B30: =SUMIFS(Produccion!B26:NC26,Fechas,">="&$B$3,Fechas,"<="&$C$3) -> #VALUE!
A31: Papaya congelada | B31: =SUMIFS(Produccion!B27:NC27,Fechas,">="&$B$3,Fechas,"<="&$C$3) -> #VALUE!
A32: Papaya directa | B32: =SUMIFS(Produccion!B28:NC28,Fechas,">="&$B$3,Fechas,"<="&$C$3) -> #VALUE!
A33: Papaya Congelada Cubos (Kg) | B33: =SUMIFS(Produccion!B29:NC29,Fechas,">="&$B$3,Fechas,"<="&$C$3) -> #VALUE!
A34: Papaya Directa Confites | B34: =SUMIFS(Produccion!B30:NC30,Fechas,">="&$B$3,Fechas,"<="&$C$3) -> #VALUE!
A35: Jarabe Papayas | B35: =SUMIFS(Produccion!B31:NC31,Fechas,">="&$B$3,Fechas,"<="&$C$3) -> #VALUE!
A36: Papayas Confitadas | B36: =SUMIFS(Produccion!B32:NC32,Fechas,">="&$B$3,Fechas,"<="&$C$3) -> #VALUE!
A37: Trozos Confitados | B37: =SUMIFS(Produccion!B33:NC33,Fechas,">="&$B$3,Fechas,"<="&$C$3) -> #VALUE!

Sheet Semanas 2018-2019
A1: Año 2018 | E1: Año 2019 | I1: Año 2020 | M1: Año 2021 | Q1: Año 2022 | U1: Año 2023 | Y1: Año 2024 | AC1: Año 2025 | AG1: Año 2026 | AO1: Mes | AQ1: Desde | AR1: Hasta
A2: Sem | B2: Desde | C2: Hasta | E2: Sem | F2: Desde | G2: Hasta | I2: Sem | J2: Desde | K2: Hasta | M2: Sem | N2: Desde | O2: Hasta | Q2: Sem | R2: Desde | S2: Hasta | U2: Sem | V2: Desde | W2: Hasta | Y2: Sem | Z2: Desde | AA2: Hasta | AC2: Sem | AD2: Desde | AE2: Hasta | AG2: Sem | AH2: Desde | AI2: Hasta | AO2: 1 | AP2: Enero | AQ2: 44197 | AR2: 44227
A3: 1 | B3: 43101 | C3: 43107 | E3: 1 | F3: 43465 | G3: 43471 | I3: 1 | J3: 43829 | K3: 43835 | M3: 1 | N3: 44193 | O3: =+N3+6 -> 44199 | Q3: 1 | R3: 44564 | S3: =+R3+6 -> 44570 | U3: 1 | V3: =+S54+1 -> 44928 | W3: =+V3+6 -> 44934 | Y3: 1 | Z3: =+W54+1 -> 45292 | AA3: =+Z3+6 -> 45298 | AC3: 1 | AD3: =+AA54+1 -> 45656 | AE3: =+AD3+6 -> 45662 | AG3: 1 | AH3: =+AE54+1 -> 46020 | AI3: =+AH3+6 -> 46026 | AO3: 2 | AP3: Febrero | AQ3: 44228 | AR3: 44255
A4: 2 | B4: 43108 | C4: 43114 | E4: 2 | F4: 43472 | G4: 43478 | I4: 2 | J4: =K3+1 -> 43836 | K4: =J4+6 -> 43842 | M4: 2 | N4: =O3+1 -> 44200 | O4: =N4+6 -> 44206 | Q4: 2 | R4: =S3+1 -> 44571 | S4: =R4+6 -> 44577 | U4: 2 | V4: =+W3+1 -> 44935 | W4: =+V4+6 -> 44941 | Y4: 2 | Z4: =+AA3+1 -> 45299 | AA4: =+Z4+6 -> 45305 | AC4: 2 | AD4: =+AE3+1 -> 45663 | AE4: =+AD4+6 -> 45669 | AG4: 2 | AH4: =+AI3+1 -> 46027 | AI4: =+AH4+6 -> 46033 | AO4: 3 | AP4: Marzo | AQ4: 44256 | AR4: 44286
A5: 3 | B5: 43115 | C5: 43121 | E5: 3 | F5: 43479 | G5: 43485 | I5: 3 | J5: =K4+1 -> 43843 | K5: =J5+6 -> 43849 | M5: 3 | N5: =O4+1 -> 44207 | O5: =N5+6 -> 44213 | Q5: 3 | R5: =S4+1 -> 44578 | S5: =R5+6 -> 44584 | U5: 3 | V5: =+W4+1 -> 44942 | W5: =+V5+6 -> 44948 | Y5: 3 | Z5: =+AA4+1 -> 45306 | AA5: =+Z5+6 -> 45312 | AC5: 3 | AD5: =+AE4+1 -> 45670 | AE5: =+AD5+6 -> 45676 | AG5: 3 | AH5: =+AI4+1 -> 46034 | AI5: =+AH5+6 -> 46040 | AO5: 4 | AP5: Abril | AQ5: 44287 | AR5: 44316
A6: 4 | B6: 43122 | C6: 43128 | E6: 4 | F6: 43486 | G6: 43492 | I6: 4 | J6: =K5+1 -> 43850 | K6: =J6+6 -> 43856 | M6: 4 | N6: =O5+1 -> 44214 | O6: =N6+6 -> 44220 | Q6: 4 | R6: =S5+1 -> 44585 | S6: =R6+6 -> 44591 | U6: 4 | V6: =+W5+1 -> 44949 | W6: =+V6+6 -> 44955 | Y6: 4 | Z6: =+AA5+1 -> 45313 | AA6: =+Z6+6 -> 45319 | AC6: 4 | AD6: =+AE5+1 -> 45677 | AE6: =+AD6+6 -> 45683 | AG6: 4 | AH6: =+AI5+1 -> 46041 | AI6: =+AH6+6 -> 46047 | AO6: 5 | AP6: Mayo | AQ6: 44317 | AR6: 44347
A7: 5 | B7: 43129 | C7: 43135 | E7: 5 | F7: 43493 | G7: 43499 | I7: 5 | J7: =K6+1 -> 43857 | K7: =J7+6 -> 43863 | M7: 5 | N7: =O6+1 -> 44221 | O7: =N7+6 -> 44227 | Q7: 5 | R7: =S6+1 -> 44592 | S7: =R7+6 -> 44598 | U7: 5 | V7: =+W6+1 -> 44956 | W7: =+V7+6 -> 44962 | Y7: 5 | Z7: =+AA6+1 -> 45320 | AA7: =+Z7+6 -> 45326 | AC7: 5 | AD7: =+AE6+1 -> 45684 | AE7: =+AD7+6 -> 45690 | AG7: 5 | AH7: =+AI6+1 -> 46048 | AI7: =+AH7+6 -> 46054 | AO7: 6 | AP7: Junio | AQ7: 44348 | AR7: 44377
A8: 6 | B8: 43136 | C8: 43142 | E8: 6 | F8: 43500 | G8: 43506 | I8: 6 | J8: =K7+1 -> 43864 | K8: =J8+6 -> 43870 | M8: 6 | N8: =O7+1 -> 44228 | O8: =N8+6 -> 44234 | Q8: 6 | R8: =S7+1 -> 44599 | S8: =R8+6 -> 44605 | U8: 6 | V8: =+W7+1 -> 44963 | W8: =+V8+6 -> 44969 | Y8: 6 | Z8: =+AA7+1 -> 45327 | AA8: =+Z8+6 -> 45333 | AC8: 6 | AD8: =+AE7+1 -> 45691 | AE8: =+AD8+6 -> 45697 | AG8: 6 | AH8: =+AI7+1 -> 46055 | AI8: =+AH8+6 -> 46061 | AO8: 7 | AP8: Julio | AQ8: 44378 | AR8: 44408
A9: 7 | B9: 43143 | C9: 43149 | E9: 7 | F9: 43507 | G9: 43513 | I9: 7 | J9: =K8+1 -> 43871 | K9: =J9+6 -> 43877 | M9: 7 | N9: =O8+1 -> 44235 | O9: =N9+6 -> 44241 | Q9: 7 | R9: =S8+1 -> 44606 | S9: =R9+6 -> 44612 | U9: 7 | V9: =+W8+1 -> 44970 | W9: =+V9+6 -> 44976 | Y9: 7 | Z9: =+AA8+1 -> 45334 | AA9: =+Z9+6 -> 45340 | AC9: 7 | AD9: =+AE8+1 -> 45698 | AE9: =+AD9+6 -> 45704 | AG9: 7 | AH9: =+AI8+1 -> 46062 | AI9: =+AH9+6 -> 46068 | AO9: 8 | AP9: Agosto | AQ9: 44409 | AR9: 44439
A10: 8 | B10: 43150 | C10: 43156 | E10: 8 | F10: 43514 | G10: 43520 | I10: 8 | J10: =K9+1 -> 43878 | K10: =J10+6 -> 43884 | M10: 8 | N10: =O9+1 -> 44242 | O10: =N10+6 -> 44248 | Q10: 8 | R10: =S9+1 -> 44613 | S10: =R10+6 -> 44619 | U10: 8 | V10: =+W9+1 -> 44977 | W10: =+V10+6 -> 44983 | Y10: 8 | Z10: =+AA9+1 -> 45341 | AA10: =+Z10+6 -> 45347 | AC10: 8 | AD10: =+AE9+1 -> 45705 | AE10: =+AD10+6 -> 45711 | AG10: 8 | AH10: =+AI9+1 -> 46069 | AI10: =+AH10+6 -> 46075 | AO10: 9 | AP10: Septiembre | AQ10: 44440 | AR10: 44469
A11: 9 | B11: 43157 | C11: 43163 | E11: 9 | F11: 43521 | G11: 43527 | I11: 9 | J11: =K10+1 -> 43885 | K11: =J11+6 -> 43891 | M11: 9 | N11: =O10+1 -> 44249 | O11: =N11+6 -> 44255 | Q11: 9 | R11: =S10+1 -> 44620 | S11: =R11+6 -> 44626 | U11: 9 | V11: =+W10+1 -> 44984 | W11: =+V11+6 -> 44990 | Y11: 9 | Z11: =+AA10+1 -> 45348 | AA11: =+Z11+6 -> 45354 | AC11: 9 | AD11: =+AE10+1 -> 45712 | AE11: =+AD11+6 -> 45718 | AG11: 9 | AH11: =+AI10+1 -> 46076 | AI11: =+AH11+6 -> 46082 | AO11: 10 | AP11: Octubre | AQ11: 44470 | AR11: 44500
A12: 10 | B12: 43164 | C12: 43170 | E12: 10 | F12: 43528 | G12: 43534 | I12: 10 | J12: =K11+1 -> 43892 | K12: =J12+6 -> 43898 | M12: 10 | N12: =O11+1 -> 44256 | O12: =N12+6 -> 44262 | Q12: 10 | R12: =S11+1 -> 44627 | S12: =R12+6 -> 44633 | U12: 10 | V12: =+W11+1 -> 44991 | W12: =+V12+6 -> 44997 | Y12: 10 | Z12: =+AA11+1 -> 45355 | AA12: =+Z12+6 -> 45361 | AC12: 10 | AD12: =+AE11+1 -> 45719 | AE12: =+AD12+6 -> 45725 | AG12: 10 | AH12: =+AI11+1 -> 46083 | AI12: =+AH12+6 -> 46089 | AO12: 11 | AP12: Noviembre | AQ12: 44501 | AR12: 44530
A13: 11 | B13: 43171 | C13: 43177 | E13: 11 | F13: 43535 | G13: 43541 | I13: 11 | J13: =K12+1 -> 43899 | K13: =J13+6 -> 43905 | M13: 11 | N13: =O12+1 -> 44263 | O13: =N13+6 -> 44269 | Q13: 11 | R13: =S12+1 -> 44634 | S13: =R13+6 -> 44640 | U13: 11 | V13: =+W12+1 -> 44998 | W13: =+V13+6 -> 45004 | Y13: 11 | Z13: =+AA12+1 -> 45362 | AA13: =+Z13+6 -> 45368 | AC13: 11 | AD13: =+AE12+1 -> 45726 | AE13: =+AD13+6 -> 45732 | AG13: 11 | AH13: =+AI12+1 -> 46090 | AI13: =+AH13+6 -> 46096 | AO13: 12 | AP13: Diciembre | AQ13: 44531 | AR13: 44561
A14: 12 | B14: 43178 | C14: 43184 | E14: 12 | F14: 43542 | G14: 43548 | I14: 12 | J14: =K13+1 -> 43906 | K14: =J14+6 -> 43912 | M14: 12 | N14: =O13+1 -> 44270 | O14: =N14+6 -> 44276 | Q14: 12 | R14: =S13+1 -> 44641 | S14: =R14+6 -> 44647 | U14: 12 | V14: =+W13+1 -> 45005 | W14: =+V14+6 -> 45011 | Y14: 12 | Z14: =+AA13+1 -> 45369 | AA14: =+Z14+6 -> 45375 | AC14: 12 | AD14: =+AE13+1 -> 45733 | AE14: =+AD14+6 -> 45739 | AG14: 12 | AH14: =+AI13+1 -> 46097 | AI14: =+AH14+6 -> 46103
A15: 13 | B15: 43185 | C15: 43191 | E15: 13 | F15: 43549 | G15: 43555 | I15: 13 | J15: =K14+1 -> 43913 | K15: =J15+6 -> 43919 | M15: 13 | N15: =O14+1 -> 44277 | O15: =N15+6 -> 44283 | Q15: 13 | R15: =S14+1 -> 44648 | S15: =R15+6 -> 44654 | U15: 13 | V15: =+W14+1 -> 45012 | W15: =+V15+6 -> 45018 | Y15: 13 | Z15: =+AA14+1 -> 45376 | AA15: =+Z15+6 -> 45382 | AC15: 13 | AD15: =+AE14+1 -> 45740 | AE15: =+AD15+6 -> 45746 | AG15: 13 | AH15: =+AI14+1 -> 46104 | AI15: =+AH15+6 -> 46110 | AO15: Mes | AQ15: Desde | AR15: Hasta
A16: 14 | B16: 43192 | C16: 43198 | E16: 14 | F16: 43556 | G16: 43562 | I16: 14 | J16: =K15+1 -> 43920 | K16: =J16+6 -> 43926 | M16: 14 | N16: =O15+1 -> 44284 | O16: =N16+6 -> 44290 | Q16: 14 | R16: =S15+1 -> 44655 | S16: =R16+6 -> 44661 | U16: 14 | V16: =+W15+1 -> 45019 | W16: =+V16+6 -> 45025 | Y16: 14 | Z16: =+AA15+1 -> 45383 | AA16: =+Z16+6 -> 45389 | AC16: 14 | AD16: =+AE15+1 -> 45747 | AE16: =+AD16+6 -> 45753 | AG16: 14 | AH16: =+AI15+1 -> 46111 | AI16: =+AH16+6 -> 46117 | AO16: 1 | AP16: Enero | AQ16: 44562 | AR16: 44592
A17: 15 | B17: 43199 | C17: 43205 | E17: 15 | F17: 43563 | G17: 43569 | I17: 15 | J17: =K16+1 -> 43927 | K17: =J17+6 -> 43933 | M17: 15 | N17: =O16+1 -> 44291 | O17: =N17+6 -> 44297 | Q17: 15 | R17: =S16+1 -> 44662 | S17: =R17+6 -> 44668 | U17: 15 | V17: =+W16+1 -> 45026 | W17: =+V17+6 -> 45032 | Y17: 15 | Z17: =+AA16+1 -> 45390 | AA17: =+Z17+6 -> 45396 | AC17: 15 | AD17: =+AE16+1 -> 45754 | AE17: =+AD17+6 -> 45760 | AG17: 15 | AH17: =+AI16+1 -> 46118 | AI17: =+AH17+6 -> 46124 | AO17: 2 | AP17: Febrero | AQ17: 44593 | AR17: 44620
A18: 16 | B18: 43206 | C18: 43212 | E18: 16 | F18: 43570 | G18: 43576 | I18: 16 | J18: =K17+1 -> 43934 | K18: =J18+6 -> 43940 | M18: 16 | N18: =O17+1 -> 44298 | O18: =N18+6 -> 44304 | Q18: 16 | R18: =S17+1 -> 44669 | S18: =R18+6 -> 44675 | U18: 16 | V18: =+W17+1 -> 45033 | W18: =+V18+6 -> 45039 | Y18: 16 | Z18: =+AA17+1 -> 45397 | AA18: =+Z18+6 -> 45403 | AC18: 16 | AD18: =+AE17+1 -> 45761 | AE18: =+AD18+6 -> 45767 | AG18: 16 | AH18: =+AI17+1 -> 46125 | AI18: =+AH18+6 -> 46131 | AO18: 3 | AP18: Marzo | AQ18: 44621 | AR18: 44651
A19: 17 | B19: 43213 | C19: 43219 | E19: 17 | F19: 43577 | G19: 43583 | I19: 17 | J19: =K18+1 -> 43941 | K19: =J19+6 -> 43947 | M19: 17 | N19: =O18+1 -> 44305 | O19: =N19+6 -> 44311 | Q19: 17 | R19: =S18+1 -> 44676 | S19: =R19+6 -> 44682 | U19: 17 | V19: =+W18+1 -> 45040 | W19: =+V19+6 -> 45046 | Y19: 17 | Z19: =+AA18+1 -> 45404 | AA19: =+Z19+6 -> 45410 | AC19: 17 | AD19: =+AE18+1 -> 45768 | AE19: =+AD19+6 -> 45774 | AG19: 17 | AH19: =+AI18+1 -> 46132 | AI19: =+AH19+6 -> 46138 | AO19: 4 | AP19: Abril | AQ19: 44652 | AR19: 44681
A20: 18 | B20: 43220 | C20: 43226 | E20: 18 | F20: 43584 | G20: 43590 | I20: 18 | J20: =K19+1 -> 43948 | K20: =J20+6 -> 43954 | M20: 18 | N20: =O19+1 -> 44312 | O20: =N20+6 -> 44318 | Q20: 18 | R20: =S19+1 -> 44683 | S20: =R20+6 -> 44689 | U20: 18 | V20: =+W19+1 -> 45047 | W20: =+V20+6 -> 45053 | Y20: 18 | Z20: =+AA19+1 -> 45411 | AA20: =+Z20+6 -> 45417 | AC20: 18 | AD20: =+AE19+1 -> 45775 | AE20: =+AD20+6 -> 45781 | AG20: 18 | AH20: =+AI19+1 -> 46139 | AI20: =+AH20+6 -> 46145 | AO20: 5 | AP20: Mayo | AQ20: 44682 | AR20: 44712
A21: 19 | B21: 43227 | C21: 43233 | E21: 19 | F21: 43591 | G21: 43597 | I21: 19 | J21: =K20+1 -> 43955 | K21: =J21+6 -> 43961 | M21: 19 | N21: =O20+1 -> 44319 | O21: =N21+6 -> 44325 | Q21: 19 | R21: =S20+1 -> 44690 | S21: =R21+6 -> 44696 | U21: 19 | V21: =+W20+1 -> 45054 | W21: =+V21+6 -> 45060 | Y21: 19 | Z21: =+AA20+1 -> 45418 | AA21: =+Z21+6 -> 45424 | AC21: 19 | AD21: =+AE20+1 -> 45782 | AE21: =+AD21+6 -> 45788 | AG21: 19 | AH21: =+AI20+1 -> 46146 | AI21: =+AH21+6 -> 46152 | AO21: 6 | AP21: Junio | AQ21: 44713 | AR21: 44742
A22: 20 | B22: 43234 | C22: 43240 | E22: 20 | F22: 43598 | G22: 43604 | I22: 20 | J22: =K21+1 -> 43962 | K22: =J22+6 -> 43968 | M22: 20 | N22: =O21+1 -> 44326 | O22: =N22+6 -> 44332 | Q22: 20 | R22: =S21+1 -> 44697 | S22: =R22+6 -> 44703 | U22: 20 | V22: =+W21+1 -> 45061 | W22: =+V22+6 -> 45067 | Y22: 20 | Z22: =+AA21+1 -> 45425 | AA22: =+Z22+6 -> 45431 | AC22: 20 | AD22: =+AE21+1 -> 45789 | AE22: =+AD22+6 -> 45795 | AG22: 20 | AH22: =+AI21+1 -> 46153 | AI22: =+AH22+6 -> 46159 | AO22: 7 | AP22: Julio | AQ22: 44743 | AR22: 44773
A23: 21 | B23: 43241 | C23: 43247 | E23: 21 | F23: 43605 | G23: 43611 | I23: 21 | J23: =K22+1 -> 43969 | K23: =J23+6 -> 43975 | M23: 21 | N23: =O22+1 -> 44333 | O23: =N23+6 -> 44339 | Q23: 21 | R23: =S22+1 -> 44704 | S23: =R23+6 -> 44710 | U23: 21 | V23: =+W22+1 -> 45068 | W23: =+V23+6 -> 45074 | Y23: 21 | Z23: =+AA22+1 -> 45432 | AA23: =+Z23+6 -> 45438 | AC23: 21 | AD23: =+AE22+1 -> 45796 | AE23: =+AD23+6 -> 45802 | AG23: 21 | AH23: =+AI22+1 -> 46160 | AI23: =+AH23+6 -> 46166 | AO23: 8 | AP23: Agosto | AQ23: 44774 | AR23: 44804
A24: 22 | B24: 43248 | C24: 43254 | E24: 22 | F24: 43612 | G24: 43618 | I24: 22 | J24: =K23+1 -> 43976 | K24: =J24+6 -> 43982 | M24: 22 | N24: =O23+1 -> 44340 | O24: =N24+6 -> 44346 | Q24: 22 | R24: =S23+1 -> 44711 | S24: =R24+6 -> 44717 | U24: 22 | V24: =+W23+1 -> 45075 | W24: =+V24+6 -> 45081 | Y24: 22 | Z24: =+AA23+1 -> 45439 | AA24: =+Z24+6 -> 45445 | AC24: 22 | AD24: =+AE23+1 -> 45803 | AE24: =+AD24+6 -> 45809 | AG24: 22 | AH24: =+AI23+1 -> 46167 | AI24: =+AH24+6 -> 46173 | AO24: 9 | AP24: Septiembre | AQ24: 44805 | AR24: 44834
A25: 23 | B25: 43255 | C25: 43261 | E25: 23 | F25: 43619 | G25: 43625 | I25: 23 | J25: =K24+1 -> 43983 | K25: =J25+6 -> 43989 | M25: 23 | N25: =O24+1 -> 44347 | O25: =N25+6 -> 44353 | Q25: 23 | R25: =S24+1 -> 44718 | S25: =R25+6 -> 44724 | U25: 23 | V25: =+W24+1 -> 45082 | W25: =+V25+6 -> 45088 | Y25: 23 | Z25: =+AA24+1 -> 45446 | AA25: =+Z25+6 -> 45452 | AC25: 23 | AD25: =+AE24+1 -> 45810 | AE25: =+AD25+6 -> 45816 | AG25: 23 | AH25: =+AI24+1 -> 46174 | AI25: =+AH25+6 -> 46180 | AO25: 10 | AP25: Octubre | AQ25: 44835 | AR25: 44865
A26: 24 | B26: 43262 | C26: 43268 | E26: 24 | F26: 43626 | G26: 43632 | I26: 24 | J26: =K25+1 -> 43990 | K26: =J26+6 -> 43996 | M26: 24 | N26: =O25+1 -> 44354 | O26: =N26+6 -> 44360 | Q26: 24 | R26: =S25+1 -> 44725 | S26: =R26+6 -> 44731 | U26: 24 | V26: =+W25+1 -> 45089 | W26: =+V26+6 -> 45095 | Y26: 24 | Z26: =+AA25+1 -> 45453 | AA26: =+Z26+6 -> 45459 | AC26: 24 | AD26: =+AE25+1 -> 45817 | AE26: =+AD26+6 -> 45823 | AG26: 24 | AH26: =+AI25+1 -> 46181 | AI26: =+AH26+6 -> 46187 | AO26: 11 | AP26: Noviembre | AQ26: 44866 | AR26: 44895
A27: 25 | B27: 43269 | C27: 43275 | E27: 25 | F27: 43633 | G27: 43639 | I27: 25 | J27: =K26+1 -> 43997 | K27: =J27+6 -> 44003 | M27: 25 | N27: =O26+1 -> 44361 | O27: =N27+6 -> 44367 | Q27: 25 | R27: =S26+1 -> 44732 | S27: =R27+6 -> 44738 | U27: 25 | V27: =+W26+1 -> 45096 | W27: =+V27+6 -> 45102 | Y27: 25 | Z27: =+AA26+1 -> 45460 | AA27: =+Z27+6 -> 45466 | AC27: 25 | AD27: =+AE26+1 -> 45824 | AE27: =+AD27+6 -> 45830 | AG27: 25 | AH27: =+AI26+1 -> 46188 | AI27: =+AH27+6 -> 46194 | AO27: 12 | AP27: Diciembre | AQ27: 44896 | AR27: 44926
A28: 26 | B28: 43276 | C28: 43282 | E28: 26 | F28: 43640 | G28: 43646 | I28: 26 | J28: =K27+1 -> 44004 | K28: =J28+6 -> 44010 | M28: 26 | N28: =O27+1 -> 44368 | O28: =N28+6 -> 44374 | Q28: 26 | R28: =S27+1 -> 44739 | S28: =R28+6 -> 44745 | U28: 26 | V28: =+W27+1 -> 45103 | W28: =+V28+6 -> 45109 | Y28: 26 | Z28: =+AA27+1 -> 45467 | AA28: =+Z28+6 -> 45473 | AC28: 26 | AD28: =+AE27+1 -> 45831 | AE28: =+AD28+6 -> 45837 | AG28: 26 | AH28: =+AI27+1 -> 46195 | AI28: =+AH28+6 -> 46201
A29: 27 | B29: 43283 | C29: 43289 | E29: 27 | F29: 43647 | G29: 43653 | I29: 27 | J29: =K28+1 -> 44011 | K29: =J29+6 -> 44017 | M29: 27 | N29: =O28+1 -> 44375 | O29: =N29+6 -> 44381 | Q29: 27 | R29: =S28+1 -> 44746 | S29: =R29+6 -> 44752 | U29: 27 | V29: =+W28+1 -> 45110 | W29: =+V29+6 -> 45116 | Y29: 27 | Z29: =+AA28+1 -> 45474 | AA29: =+Z29+6 -> 45480 | AC29: 27 | AD29: =+AE28+1 -> 45838 | AE29: =+AD29+6 -> 45844 | AG29: 27 | AH29: =+AI28+1 -> 46202 | AI29: =+AH29+6 -> 46208 | AO29: Mes | AQ29: Desde | AR29: Hasta
A30: 28 | B30: 43290 | C30: 43296 | E30: 28 | F30: 43654 | G30: 43660 | I30: 28 | J30: =K29+1 -> 44018 | K30: =J30+6 -> 44024 | M30: 28 | N30: =O29+1 -> 44382 | O30: =N30+6 -> 44388 | Q30: 28 | R30: =S29+1 -> 44753 | S30: =R30+6 -> 44759 | U30: 28 | V30: =+W29+1 -> 45117 | W30: =+V30+6 -> 45123 | Y30: 28 | Z30: =+AA29+1 -> 45481 | AA30: =+Z30+6 -> 45487 | AC30: 28 | AD30: =+AE29+1 -> 45845 | AE30: =+AD30+6 -> 45851 | AG30: 28 | AH30: =+AI29+1 -> 46209 | AI30: =+AH30+6 -> 46215 | AO30: 1 | AP30: Enero | AQ30: 45292 | AR30: 45322
A31: 29 | B31: 43297 | C31: 43303 | E31: 29 | F31: 43661 | G31: 43667 | I31: 29 | J31: =K30+1 -> 44025 | K31: =J31+6 -> 44031 | M31: 29 | N31: =O30+1 -> 44389 | O31: =N31+6 -> 44395 | Q31: 29 | R31: =S30+1 -> 44760 | S31: =R31+6 -> 44766 | U31: 29 | V31: =+W30+1 -> 45124 | W31: =+V31+6 -> 45130 | Y31: 29 | Z31: =+AA30+1 -> 45488 | AA31: =+Z31+6 -> 45494 | AC31: 29 | AD31: =+AE30+1 -> 45852 | AE31: =+AD31+6 -> 45858 | AG31: 29 | AH31: =+AI30+1 -> 46216 | AI31: =+AH31+6 -> 46222 | AO31: 2 | AP31: Febrero | AQ31: 45323 | AR31: 45350
A32: 30 | B32: 43304 | C32: 43310 | E32: 30 | F32: 43668 | G32: 43674 | I32: 30 | J32: =K31+1 -> 44032 | K32: =J32+6 -> 44038 | M32: 30 | N32: =O31+1 -> 44396 | O32: =N32+6 -> 44402 | Q32: 30 | R32: =S31+1 -> 44767 | S32: =R32+6 -> 44773 | U32: 30 | V32: =+W31+1 -> 45131 | W32: =+V32+6 -> 45137 | Y32: 30 | Z32: =+AA31+1 -> 45495 | AA32: =+Z32+6 -> 45501 | AC32: 30 | AD32: =+AE31+1 -> 45859 | AE32: =+AD32+6 -> 45865 | AG32: 30 | AH32: =+AI31+1 -> 46223 | AI32: =+AH32+6 -> 46229 | AO32: 3 | AP32: Marzo | AQ32: 45352 | AR32: 45382
A33: 31 | B33: 43311 | C33: 43317 | E33: 31 | F33: 43675 | G33: 43681 | I33: 31 | J33: =K32+1 -> 44039 | K33: =J33+6 -> 44045 | M33: 31 | N33: =O32+1 -> 44403 | O33: =N33+6 -> 44409 | Q33: 31 | R33: =S32+1 -> 44774 | S33: =R33+6 -> 44780 | U33: 31 | V33: =+W32+1 -> 45138 | W33: =+V33+6 -> 45144 | Y33: 31 | Z33: =+AA32+1 -> 45502 | AA33: =+Z33+6 -> 45508 | AC33: 31 | AD33: =+AE32+1 -> 45866 | AE33: =+AD33+6 -> 45872 | AG33: 31 | AH33: =+AI32+1 -> 46230 | AI33: =+AH33+6 -> 46236 | AO33: 4 | AP33: Abril | AQ33: 45383 | AR33: 45412
A34: 32 | B34: 43318 | C34: 43324 | E34: 32 | F34: 43682 | G34: 43688 | I34: 32 | J34: =K33+1 -> 44046 | K34: =J34+6 -> 44052 | M34: 32 | N34: =O33+1 -> 44410 | O34: =N34+6 -> 44416 | Q34: 32 | R34: =S33+1 -> 44781 | S34: =R34+6 -> 44787 | U34: 32 | V34: =+W33+1 -> 45145 | W34: =+V34+6 -> 45151 | Y34: 32 | Z34: =+AA33+1 -> 45509 | AA34: =+Z34+6 -> 45515 | AC34: 32 | AD34: =+AE33+1 -> 45873 | AE34: =+AD34+6 -> 45879 | AG34: 32 | AH34: =+AI33+1 -> 46237 | AI34: =+AH34+6 -> 46243 | AO34: 5 | AP34: Mayo | AQ34: 45413 | AR34: 45443
A35: 33 | B35: 43325 | C35: 43331 | E35: 33 | F35: 43689 | G35: 43695 | I35: 33 | J35: =K34+1 -> 44053 | K35: =J35+6 -> 44059 | M35: 33 | N35: =O34+1 -> 44417 | O35: =N35+6 -> 44423 | Q35: 33 | R35: =S34+1 -> 44788 | S35: =R35+6 -> 44794 | U35: 33 | V35: =+W34+1 -> 45152 | W35: =+V35+6 -> 45158 | Y35: 33 | Z35: =+AA34+1 -> 45516 | AA35: =+Z35+6 -> 45522 | AC35: 33 | AD35: =+AE34+1 -> 45880 | AE35: =+AD35+6 -> 45886 | AG35: 33 | AH35: =+AI34+1 -> 46244 | AI35: =+AH35+6 -> 46250 | AO35: 6 | AP35: Junio | AQ35: 45444 | AR35: 45473
A36: 34 | B36: 43332 | C36: 43338 | E36: 34 | F36: 43696 | G36: 43702 | I36: 34 | J36: =K35+1 -> 44060 | K36: =J36+6 -> 44066 | M36: 34 | N36: =O35+1 -> 44424 | O36: =N36+6 -> 44430 | Q36: 34 | R36: =S35+1 -> 44795 | S36: =R36+6 -> 44801 | U36: 34 | V36: =+W35+1 -> 45159 | W36: =+V36+6 -> 45165 | Y36: 34 | Z36: =+AA35+1 -> 45523 | AA36: =+Z36+6 -> 45529 | AC36: 34 | AD36: =+AE35+1 -> 45887 | AE36: =+AD36+6 -> 45893 | AG36: 34 | AH36: =+AI35+1 -> 46251 | AI36: =+AH36+6 -> 46257 | AO36: 7 | AP36: Julio | AQ36: 45474 | AR36: 45504
A37: 35 | B37: 43339 | C37: 43345 | E37: 35 | F37: 43703 | G37: 43709 | I37: 35 | J37: =K36+1 -> 44067 | K37: =J37+6 -> 44073 | M37: 35 | N37: =O36+1 -> 44431 | O37: =N37+6 -> 44437 | Q37: 35 | R37: =S36+1 -> 44802 | S37: =R37+6 -> 44808 | U37: 35 | V37: =+W36+1 -> 45166 | W37: =+V37+6 -> 45172 | Y37: 35 | Z37: =+AA36+1 -> 45530 | AA37: =+Z37+6 -> 45536 | AC37: 35 | AD37: =+AE36+1 -> 45894 | AE37: =+AD37+6 -> 45900 | AG37: 35 | AH37: =+AI36+1 -> 46258 | AI37: =+AH37+6 -> 46264 | AO37: 8 | AP37: Agosto | AQ37: 45505 | AR37: 45535
A38: 36 | B38: 43346 | C38: 43352 | E38: 36 | F38: 43710 | G38: 43716 | I38: 36 | J38: =K37+1 -> 44074 | K38: =J38+6 -> 44080 | M38: 36 | N38: =O37+1 -> 44438 | O38: =N38+6 -> 44444 | Q38: 36 | R38: =S37+1 -> 44809 | S38: =R38+6 -> 44815 | U38: 36 | V38: =+W37+1 -> 45173 | W38: =+V38+6 -> 45179 | Y38: 36 | Z38: =+AA37+1 -> 45537 | AA38: =+Z38+6 -> 45543 | AC38: 36 | AD38: =+AE37+1 -> 45901 | AE38: =+AD38+6 -> 45907 | AG38: 36 | AH38: =+AI37+1 -> 46265 | AI38: =+AH38+6 -> 46271 | AO38: 9 | AP38: Septiembre | AQ38: 45536 | AR38: 45565
A39: 37 | B39: 43353 | C39: 43359 | E39: 37 | F39: 43717 | G39: 43723 | I39: 37 | J39: =K38+1 -> 44081 | K39: =J39+6 -> 44087 | M39: 37 | N39: =O38+1 -> 44445 | O39: =N39+6 -> 44451 | Q39: 37 | R39: =S38+1 -> 44816 | S39: =R39+6 -> 44822 | U39: 37 | V39: =+W38+1 -> 45180 | W39: =+V39+6 -> 45186 | Y39: 37 | Z39: =+AA38+1 -> 45544 | AA39: =+Z39+6 -> 45550 | AC39: 37 | AD39: =+AE38+1 -> 45908 | AE39: =+AD39+6 -> 45914 | AG39: 37 | AH39: =+AI38+1 -> 46272 | AI39: =+AH39+6 -> 46278 | AO39: 10 | AP39: Octubre | AQ39: 45566 | AR39: 45596
A40: 38 | B40: 43360 | C40: 43366 | E40: 38 | F40: 43724 | G40: 43730 | I40: 38 | J40: =K39+1 -> 44088 | K40: =J40+6 -> 44094 | M40: 38 | N40: =O39+1 -> 44452 | O40: =N40+6 -> 44458 | Q40: 38 | R40: =S39+1 -> 44823 | S40: =R40+6 -> 44829 | U40: 38 | V40: =+W39+1 -> 45187 | W40: =+V40+6 -> 45193 | Y40: 38 | Z40: =+AA39+1 -> 45551 | AA40: =+Z40+6 -> 45557 | AC40: 38 | AD40: =+AE39+1 -> 45915 | AE40: =+AD40+6 -> 45921 | AG40: 38 | AH40: =+AI39+1 -> 46279 | AI40: =+AH40+6 -> 46285 | AO40: 11 | AP40: Noviembre | AQ40: 45597 | AR40: 45626
A41: 39 | B41: 43367 | C41: 43373 | E41: 39 | F41: 43731 | G41: 43737 | I41: 39 | J41: =K40+1 -> 44095 | K41: =J41+6 -> 44101 | M41: 39 | N41: =O40+1 -> 44459 | O41: =N41+6 -> 44465 | Q41: 39 | R41: =S40+1 -> 44830 | S41: =R41+6 -> 44836 | U41: 39 | V41: =+W40+1 -> 45194 | W41: =+V41+6 -> 45200 | Y41: 39 | Z41: =+AA40+1 -> 45558 | AA41: =+Z41+6 -> 45564 | AC41: 39 | AD41: =+AE40+1 -> 45922 | AE41: =+AD41+6 -> 45928 | AG41: 39 | AH41: =+AI40+1 -> 46286 | AI41: =+AH41+6 -> 46292 | AO41: 12 | AP41: Diciembre | AQ41: 45627 | AR41: 45657
A42: 40 | B42: 43374 | C42: 43380 | E42: 40 | F42: 43738 | G42: 43744 | I42: 40 | J42: =K41+1 -> 44102 | K42: =J42+6 -> 44108 | M42: 40 | N42: =O41+1 -> 44466 | O42: =N42+6 -> 44472 | Q42: 40 | R42: =S41+1 -> 44837 | S42: =R42+6 -> 44843 | U42: 40 | V42: =+W41+1 -> 45201 | W42: =+V42+6 -> 45207 | Y42: 40 | Z42: =+AA41+1 -> 45565 | AA42: =+Z42+6 -> 45571 | AC42: 40 | AD42: =+AE41+1 -> 45929 | AE42: =+AD42+6 -> 45935 | AG42: 40 | AH42: =+AI41+1 -> 46293 | AI42: =+AH42+6 -> 46299
A43: 41 | B43: 43381 | C43: 43387 | E43: 41 | F43: 43745 | G43: 43751 | I43: 41 | J43: =K42+1 -> 44109 | K43: =J43+6 -> 44115 | M43: 41 | N43: =O42+1 -> 44473 | O43: =N43+6 -> 44479 | Q43: 41 | R43: =S42+1 -> 44844 | S43: =R43+6 -> 44850 | U43: 41 | V43: =+W42+1 -> 45208 | W43: =+V43+6 -> 45214 | Y43: 41 | Z43: =+AA42+1 -> 45572 | AA43: =+Z43+6 -> 45578 | AC43: 41 | AD43: =+AE42+1 -> 45936 | AE43: =+AD43+6 -> 45942 | AG43: 41 | AH43: =+AI42+1 -> 46300 | AI43: =+AH43+6 -> 46306 | AO43: Mes | AQ43: Desde | AR43: Hasta
A44: 42 | B44: 43388 | C44: 43394 | E44: 42 | F44: 43752 | G44: 43758 | I44: 42 | J44: =K43+1 -> 44116 | K44: =J44+6 -> 44122 | M44: 42 | N44: =O43+1 -> 44480 | O44: =N44+6 -> 44486 | Q44: 42 | R44: =S43+1 -> 44851 | S44: =R44+6 -> 44857 | U44: 42 | V44: =+W43+1 -> 45215 | W44: =+V44+6 -> 45221 | Y44: 42 | Z44: =+AA43+1 -> 45579 | AA44: =+Z44+6 -> 45585 | AC44: 42 | AD44: =+AE43+1 -> 45943 | AE44: =+AD44+6 -> 45949 | AG44: 42 | AH44: =+AI43+1 -> 46307 | AI44: =+AH44+6 -> 46313 | AO44: 1 | AP44: Enero | AQ44: 45658 | AR44: 45688
A45: 43 | B45: 43395 | C45: 43401 | E45: 43 | F45: 43759 | G45: 43765 | I45: 43 | J45: =K44+1 -> 44123 | K45: =J45+6 -> 44129 | M45: 43 | N45: =O44+1 -> 44487 | O45: =N45+6 -> 44493 | Q45: 43 | R45: =S44+1 -> 44858 | S45: =R45+6 -> 44864 | U45: 43 | V45: =+W44+1 -> 45222 | W45: =+V45+6 -> 45228 | Y45: 43 | Z45: =+AA44+1 -> 45586 | AA45: =+Z45+6 -> 45592 | AC45: 43 | AD45: =+AE44+1 -> 45950 | AE45: =+AD45+6 -> 45956 | AG45: 43 | AH45: =+AI44+1 -> 46314 | AI45: =+AH45+6 -> 46320 | AO45: 2 | AP45: Febrero | AQ45: 45689 | AR45: 45716
A46: 44 | B46: 43402 | C46: 43408 | E46: 44 | F46: 43766 | G46: 43772 | I46: 44 | J46: =K45+1 -> 44130 | K46: =J46+6 -> 44136 | M46: 44 | N46: =O45+1 -> 44494 | O46: =N46+6 -> 44500 | Q46: 44 | R46: =S45+1 -> 44865 | S46: =R46+6 -> 44871 | U46: 44 | V46: =+W45+1 -> 45229 | W46: =+V46+6 -> 45235 | Y46: 44 | Z46: =+AA45+1 -> 45593 | AA46: =+Z46+6 -> 45599 | AC46: 44 | AD46: =+AE45+1 -> 45957 | AE46: =+AD46+6 -> 45963 | AG46: 44 | AH46: =+AI45+1 -> 46321 | AI46: =+AH46+6 -> 46327 | AO46: 3 | AP46: Marzo | AQ46: 45717 | AR46: 45747
A47: 45 | B47: 43409 | C47: 43415 | E47: 45 | F47: 43773 | G47: 43779 | I47: 45 | J47: =K46+1 -> 44137 | K47: =J47+6 -> 44143 | M47: 45 | N47: =O46+1 -> 44501 | O47: =N47+6 -> 44507 | Q47: 45 | R47: =S46+1 -> 44872 | S47: =R47+6 -> 44878 | U47: 45 | V47: =+W46+1 -> 45236 | W47: =+V47+6 -> 45242 | Y47: 45 | Z47: =+AA46+1 -> 45600 | AA47: =+Z47+6 -> 45606 | AC47: 45 | AD47: =+AE46+1 -> 45964 | AE47: =+AD47+6 -> 45970 | AG47: 45 | AH47: =+AI46+1 -> 46328 | AI47: =+AH47+6 -> 46334 | AO47: 4 | AP47: Abril | AQ47: 45748 | AR47: 45777
A48: 46 | B48: 43416 | C48: 43422 | E48: 46 | F48: 43780 | G48: 43786 | I48: 46 | J48: =K47+1 -> 44144 | K48: =J48+6 -> 44150 | M48: 46 | N48: =O47+1 -> 44508 | O48: =N48+6 -> 44514 | Q48: 46 | R48: =S47+1 -> 44879 | S48: =R48+6 -> 44885 | U48: 46 | V48: =+W47+1 -> 45243 | W48: =+V48+6 -> 45249 | Y48: 46 | Z48: =+AA47+1 -> 45607 | AA48: =+Z48+6 -> 45613 | AC48: 46 | AD48: =+AE47+1 -> 45971 | AE48: =+AD48+6 -> 45977 | AG48: 46 | AH48: =+AI47+1 -> 46335 | AI48: =+AH48+6 -> 46341 | AO48: 5 | AP48: Mayo | AQ48: 45778 | AR48: 45808
A49: 47 | B49: 43423 | C49: 43429 | E49: 47 | F49: 43787 | G49: 43793 | I49: 47 | J49: =K48+1 -> 44151 | K49: =J49+6 -> 44157 | M49: 47 | N49: =O48+1 -> 44515 | O49: =N49+6 -> 44521 | Q49: 47 | R49: =S48+1 -> 44886 | S49: =R49+6 -> 44892 | U49: 47 | V49: =+W48+1 -> 45250 | W49: =+V49+6 -> 45256 | Y49: 47 | Z49: =+AA48+1 -> 45614 | AA49: =+Z49+6 -> 45620 | AC49: 47 | AD49: =+AE48+1 -> 45978 | AE49: =+AD49+6 -> 45984 | AG49: 47 | AH49: =+AI48+1 -> 46342 | AI49: =+AH49+6 -> 46348 | AO49: 6 | AP49: Junio | AQ49: 45809 | AR49: 45838
A50: 48 | B50: 43430 | C50: 43436 | E50: 48 | F50: 43794 | G50: 43800 | I50: 48 | J50: =K49+1 -> 44158 | K50: =J50+6 -> 44164 | M50: 48 | N50: =O49+1 -> 44522 | O50: =N50+6 -> 44528 | Q50: 48 | R50: =S49+1 -> 44893 | S50: =R50+6 -> 44899 | U50: 48 | V50: =+W49+1 -> 45257 | W50: =+V50+6 -> 45263 | Y50: 48 | Z50: =+AA49+1 -> 45621 | AA50: =+Z50+6 -> 45627 | AC50: 48 | AD50: =+AE49+1 -> 45985 | AE50: =+AD50+6 -> 45991 | AG50: 48 | AH50: =+AI49+1 -> 46349 | AI50: =+AH50+6 -> 46355 | AO50: 7 | AP50: Julio | AQ50: 45839 | AR50: 45869
A51: 49 | B51: 43437 | C51: 43443 | E51: 49 | F51: 43801 | G51: 43807 | I51: 49 | J51: =K50+1 -> 44165 | K51: =J51+6 -> 44171 | M51: 49 | N51: =O50+1 -> 44529 | O51: =N51+6 -> 44535 | Q51: 49 | R51: =S50+1 -> 44900 | S51: =R51+6 -> 44906 | U51: 49 | V51: =+W50+1 -> 45264 | W51: =+V51+6 -> 45270 | Y51: 49 | Z51: =+AA50+1 -> 45628 | AA51: =+Z51+6 -> 45634 | AC51: 49 | AD51: =+AE50+1 -> 45992 | AE51: =+AD51+6 -> 45998 | AG51: 49 | AH51: =+AI50+1 -> 46356 | AI51: =+AH51+6 -> 46362 | AO51: 8 | AP51: Agosto | AQ51: 45870 | AR51: 45900
A52: 50 | B52: 43444 | C52: 43450 | E52: 50 | F52: 43808 | G52: 43814 | I52: 50 | J52: =K51+1 -> 44172 | K52: =J52+6 -> 44178 | M52: 50 | N52: =O51+1 -> 44536 | O52: =N52+6 -> 44542 | Q52: 50 | R52: =S51+1 -> 44907 | S52: =R52+6 -> 44913 | U52: 50 | V52: =+W51+1 -> 45271 | W52: =+V52+6 -> 45277 | Y52: 50 | Z52: =+AA51+1 -> 45635 | AA52: =+Z52+6 -> 45641 | AC52: 50 | AD52: =+AE51+1 -> 45999 | AE52: =+AD52+6 -> 46005 | AG52: 50 | AH52: =+AI51+1 -> 46363 | AI52: =+AH52+6 -> 46369 | AO52: 9 | AP52: Septiembre | AQ52: 45901 | AR52: 45930
A53: 51 | B53: 43451 | C53: 43457 | E53: 51 | F53: 43815 | G53: 43821 | I53: 51 | J53: =K52+1 -> 44179 | K53: =J53+6 -> 44185 | M53: 51 | N53: =O52+1 -> 44543 | O53: =N53+6 -> 44549 | Q53: 51 | R53: =S52+1 -> 44914 | S53: =R53+6 -> 44920 | U53: 51 | V53: =+W52+1 -> 45278 | W53: =+V53+6 -> 45284 | Y53: 51 | Z53: =+AA52+1 -> 45642 | AA53: =+Z53+6 -> 45648 | AC53: 51 | AD53: =+AE52+1 -> 46006 | AE53: =+AD53+6 -> 46012 | AG53: 51 | AH53: =+AI52+1 -> 46370 | AI53: =+AH53+6 -> 46376 | AO53: 10 | AP53: Octubre | AQ53: 45931 | AR53: 45961
A54: 52 | B54: 43458 | C54: 43464 | E54: 52 | F54: 43822 | G54: 43828 | I54: 52 | J54: =K53+1 -> 44186 | K54: =J54+6 -> 44192 | M54: 52 | N54: =O53+1 -> 44550 | O54: =N54+6 -> 44556 | Q54: 52 | R54: =S53+1 -> 44921 | S54: =R54+6 -> 44927 | U54: 52 | V54: =+W53+1 -> 45285 | W54: =+V54+6 -> 45291 | Y54: 52 | Z54: =+AA53+1 -> 45649 | AA54: =+Z54+6 -> 45655 | AC54: 52 | AD54: =+AE53+1 -> 46013 | AE54: =+AD54+6 -> 46019 | AG54: 52 | AH54: =+AI53+1 -> 46377 | AI54: =+AH54+6 -> 46383 | AO54: 11 | AP54: Noviembre | AQ54: 45962 | AR54: 45991
M55: 53 | N55: =O54+1 -> 44557 | O55: =N55+6 -> 44563 | AO55: 12 | AP55: Diciembre | AQ55: 45992 | AR55: 46022
AO57: Mes | AQ57: Desde | AR57: Hasta
AO58: 1 | AP58: Enero | AQ58: 46023 | AR58: 46053
AO59: 2 | AP59: Febrero | AQ59: 46054 | AR59: 46081
AO60: 3 | AP60: Marzo | AQ60: 46082 | AR60: 46112
AO61: 4 | AP61: Abril | AQ61: 46113 | AR61: 46142
AO62: 5 | AP62: Mayo | AQ62: 46143 | AR62: 46173
AO63: 6 | AP63: Junio | AQ63: 46174 | AR63: 46203
AO64: 7 | AP64: Julio | AQ64: 46204 | AR64: 46234
AO65: 8 | AP65: Agosto | AQ65: 46235 | AR65: 46265
AO66: 9 | AP66: Septiembre | AQ66: 46266 | AR66: 46295
AO67: 10 | AP67: Octubre | AQ67: 46296 | AR67: 46326
AO68: 11 | AP68: Noviembre | AQ68: 46327 | AR68: 46356
AO69: 12 | AP69: Diciembre | AQ69: 46357 | AR69: 46387
